,t=0,t=2,t=4
0,1.019368279102507,1.6806541644330082,4.3920042607327865
1,1.6157280730615207,2.6638852417233894,3.5422944617347434
2,1.303137307048091,2.148510196772656,2.770930269590973
3,0.44363379171754336,0.7314284688059636,1.205921674515816
4,0.30517798417025555,0.5031534338507904,0.8295597688154805
5,2.1132667093165667,3.484187774312184,5.744454494620824
6,0.8391181445127801,1.3834719334884087,2.2809596041585434
7,1.16166207870719,1.9152569785299498,3.157724919358698
8,0.807991857690704,1.332153362326962,2.1963495843027943
9,0.9550395914316198,1.5745940887537928,2.5960667668466684
10,0.6666326043740874,1.0990913545735639,1.8120952947277653
11,2.8869084770619162,4.75970741269579,7.847430853619399
12,1.4727005050790904,2.4280726480943358,4.0032150217176525
13,2.1884044304336427,3.608068933349717,5.948699996565059
14,3.2908507039878088,5.425695554362315,8.94545966881863
15,1.1030047407703776,1.8185473777909362,2.9982777435393912
16,0.8719244746110657,1.437560427735072,2.524813190460436
17,1.5289666017138883,2.5208397584354154,4.810154338315426
18,0.8265028233354943,1.3626727851267093,4.10955320486146
19,2.5094094365897037,1.531376610061375,3.891907301570014
20,0.9288268655691065,2.492570016469147,2.370136455123194
21,1.511820136469274,2.917506084138578,4.156162129758164
22,1.7695568899284546,1.1668192237540076,2.2466676058422372
23,0.7077116335490071,2.360561103162016,3.065275827164355
24,1.4317526831931002,1.8591837696515587,4.611509477313259
25,1.1276519583340006,2.7970218855462803,3.9940941645818597
26,1.6964795294713402,2.422540568598617,6.821282071643173
27,1.469345129252997,4.1373167150003844,3.0255228839733914
28,1.1130276678079147,1.8350723907923279,3.5557015372198792
29,1.3080694944852995,2.1566419991115504,3.5211360846062876
30,1.29535357509399,2.1356769923345382,2.50623986676999
31,0.9219941216292665,1.520111319790365,2.7807983927499187
32,1.315915202490938,2.169577384784131,2.550921042582395
33,1.02299855873559,1.6866394836827203,3.9601713993277814
34,0.9384314076179666,1.5472118228326015,4.173629177917802
35,1.1443706216240046,1.886748185435554,4.446490505274884
36,1.315688634379829,2.401965371409781,3.129323821472969
37,1.4568656413283172,2.6969328195707467,3.1107218657818687
38,1.635772442255152,1.8980308418927627,3.5764125067435315
39,1.1512138986883413,2.5314340586787654,4.140737703690016
40,1.5353923696296923,1.0408262476429706,6.442994018600405
41,0.6312930306292164,2.1692038371200204,2.233994539313405
42,1.5232922724714717,2.5114843711164947,6.099000454976084
43,2.3702450390344194,3.907873412626855,2.1115620324031243
44,0.8218406627029332,1.3549861817244122,1.139911137384694
45,0.9536531058101717,3.699230769544838,3.121824613276929
46,0.7768002604795385,1.2807271125378281,2.364610148742596
47,1.1484550941679308,1.8934823421982958,0.7440180762406111
48,1.2900805189928846,0.6913910541718332,3.937554964987828
49,0.8698914601080256,1.4342085534802675,3.9942909111545695
50,0.2737089541089685,2.422659901427157,5.026171448806083
51,1.469417508272173,0.4512697746204343,5.459862568036999
52,2.6098915198415304,4.302983662981936,1.7160323735916823
53,0.42558629615256294,0.7016731789851084,2.341218514956966
54,1.0118531087060252,1.6682637431474332,3.757520651062607
55,1.4485455201020447,2.3882478105692475,3.974854409635179
56,0.41934987220633596,3.0485270846736032,3.452039547329005
57,1.8490251438191636,3.3115740453323226,1.9237596732647373
58,2.008571190402981,1.420020810408492,3.57702838272299
59,0.8612861589428815,2.2790514793731633,3.1040576419955626
60,1.3823145973034625,2.41087106733802,2.8363950587719944
61,1.4622672189548895,2.093767823995824,2.743257148883696
62,1.269934379573416,1.7203605662029116,3.030299150787952
63,1.2534443847619894,1.8827061293858898,1.3836032865366068
64,1.315491826062687,1.8379693430543285,1.727071620980153
65,1.141918990701619,0.8391978141637348,2.7923456941962144
66,1.0434514291628147,1.6936432760468472,1.1124453640354945
67,0.6353541427894077,1.0475218896442031,4.162146305333978
68,1.0091879069212142,1.6638695682741058,2.527425495662858
69,1.114784758174541,0.6747322205428151,4.563091666921598
70,0.50899920385422,1.341773935550432,2.212211228012658
71,1.0272465735387029,0.48214900627432494,4.051475418202955
72,0.9297878789472297,1.2953922551904,3.2756838143623868
73,0.4092457788552675,2.4573440582125157,3.975535766985413
74,1.5311680568805355,1.5329610532591949,7.407980720374042
75,1.6786676124416275,2.524469344395123,1.919275175851183
76,0.8138270303147526,2.767654999067526,4.0558575247160125
77,1.4904545127688242,2.4600019401668307,1.4422312620949496
78,0.7060618791465264,1.1640992385792437,4.769663918356064
79,1.4920665996639608,2.411284331461214,1.392618543871965
80,1.2050567310823652,4.493167433467605,2.2500991834122246
81,1.4625178763161457,0.8446658441428428,2.781702791795417
82,2.725243807620919,1.9868026649355082,2.851639460963407
83,1.7546612968609872,0.8747574788568241,5.43560832403283
84,0.5305672307396917,2.8929474030085047,2.971951386454386
85,0.5123157316847639,1.729606763521019,2.1781804302126573
86,0.8277652301742384,1.6871880294324282,0.7949293222912733
87,1.023331268551094,3.296863102715539,2.1357407650323177
88,1.0490595313219602,1.8025796350603012,2.7412437108407213
89,0.8013077994374496,1.3211332133102445,2.4687171560213867
90,1.9996485526726182,1.3647541421340568,3.388352028212145
91,1.0933198152378631,1.6626483563695929,3.2297341688329038
92,0.2924381548554005,1.4973526452857746,3.4882471007791267
93,0.7856951191273822,1.4578357829306439,2.5494314910531677
94,0.9734430871086133,2.055139391010527,2.403564864505177
95,1.0084472044591326,1.958932796119004,4.456388621039804
96,0.9081902877677988,2.1157288152765537,6.3213297094372205
97,0.9378834322338242,1.5463083641609292,2.2981450765438733
98,1.2465050506312356,2.7029363302555653,4.939125151764303
99,1.1881528011629678,3.8340802789265567,2.654236982880007
100,1.2832543941029668,2.4850262375543446,1.31579834871395
101,0.8842220991737473,0.7379652537704573,2.572067335710151
102,1.6394137555513868,3.31112817090494,4.250540614140978
103,2.325487240968854,1.3938954493917395,4.828901241958093
104,0.9764392179987462,2.995730836703298,3.822558413687762
105,0.8454403264901541,1.609876108260105,4.030377071047146
106,1.8170026007073967,2.5780832028306455,1.2002668846467703
107,2.008300753892374,0.798072040494395,3.316820986192423
108,0.9462106941167261,1.5600376979538162,1.2586675698703222
109,1.7764534903642395,2.9288766559725055,2.9303567416191276
110,1.482692864607498,2.4445472637933165,3.5259988304014005
111,1.406240653073094,2.3184988764444707,2.1175751906782283
112,1.5636865058072167,1.7773512076879392,4.09711561610319
113,0.48405516121935466,0.727998665376122,1.216699010928792
114,0.779012377785509,2.011753620904293,5.459127445384404
115,0.4415535107805766,1.8410618485850205,3.425703759251759
116,1.220190250866584,0.763420471512476,1.8400701212693393
117,1.1166604575941814,2.1386263967497356,2.6460926547256047
118,0.46303792222462814,1.2843742773933882,7.094420692632386
119,1.0780180005401734,2.0777943610793175,1.1568634952723584
120,1.2971424792996944,1.1160589445711966,2.7505019184646313
121,1.5072446032673315,1.6049363235317642,3.4072150940814114
122,0.4475985522144841,2.0665804187964025,3.575877526271303
123,1.2602459845728176,2.1688793550612844,2.0974437045343413
124,0.6769239679290684,1.272163913821489,2.331154715430333
125,1.7802466187513766,1.4139168074423962,4.142266218582845
126,0.771606417912921,1.0770329267622873,2.9942384073486514
127,0.8575838939969512,1.737291988116214,2.475504269610105
128,1.5238545816760758,1.440000964870748,2.5128093546222514
129,1.1015187520298437,0.871055843908032,3.869783277522755
130,0.910687127321959,1.5720352039054746,1.7757270955971
131,0.9244109011491298,0.9285826105552931,3.1924582514497266
132,1.4236137095900805,1.445678413857832,2.8643102542236667
133,0.6532534916014947,1.9363238093571957,1.5309739016245263
134,0.8768482820896454,2.7575816160144027,2.3835207515190477
135,1.174439757506856,2.5860154560403883,2.3741602206107464
136,1.0537208556657962,5.270036433654048,4.546483466013852
137,0.5632138233779108,0.8615935107508115,4.263618688732396
138,0.5283220756521778,1.3404464951871795,8.688821165528507
139,0.8734047352100467,1.4618724913822876,1.6607366392196445
140,1.6725577967729162,2.8329304483446314,5.0703771666582504
141,0.9534875493164016,2.640514276068949,2.4102202715930043
142,1.5684976605794996,1.024246740690484,4.353472052541554
143,3.1964386748143103,2.796425399377834,4.002250643581539
144,0.6109508667692621,2.4274877231872116,1.688697387821428
145,1.0746101048596741,6.969180100082408,4.61052603787964
146,1.8652875185993218,1.8872050828422742,2.921093120717473
147,1.6015528658449785,1.0072876893949743,1.4205275478718278
148,0.8130218970355029,1.7717325375911057,11.49023547034405
149,0.8866704866139824,3.0753392078856825,3.111475162254952
150,1.718259173754749,2.5372906402633517,1.4361282978186034
151,1.472345730189275,0.8653158435307671,2.5918478789679633
152,1.144647743909561,0.8052047149675112,2.531919195251438
153,0.6212370513396559,0.7756452018899324,6.119065266702589
154,1.6961177423220972,1.912674581008698,1.327558140834714
155,0.5225828804798817,0.8797517265209485,3.153467265635971
156,4.22702140375982,1.3541505253411874,1.450465384450057
157,0.4883813469730298,2.3701880215978908,3.9077794067665392
158,1.9482458256989803,1.8236105533191596,1.278822742872231
159,2.5345614336826627,1.9588492168425236,3.006625508730058
160,0.9314410186406429,1.8283434292011207,2.232616774859368
161,2.2510783108067276,1.353419070125081,4.183285048549728
162,1.4375917043830004,1.3784914911086408,1.4266646371027436
163,0.47045259600531625,2.6867949099827175,3.7538365957703204
164,1.1600957754349672,2.369339581214861,2.8297657515604215
165,0.5335963950701791,1.021840527528158,3.2295963699019685
166,0.8213338114855159,2.6942228045192103,4.429775918096538
167,1.1060757119637812,2.5341684750669273,3.9063805650599837
168,1.5389445659218663,1.2493781406245321,1.6847302129988624
169,0.5248405894366248,1.8533776094165109,4.442022445815488
170,1.3809593091013908,1.1012801836177626,3.014428701868187
171,1.5047130483728146,2.276816986886357,2.231410809086038
172,1.041012643330463,4.488907249808578,2.2727482428695924
173,1.1881021077692795,0.9556184981092407,7.400956864958285
174,1.6296234892646115,1.7163396881264013,1.5755485445069624
175,1.4370770992777049,2.4808524091519057,4.0902341364356465
176,0.8360973535105096,5.057571159285001,2.210022648850218
177,0.6197776092828273,1.8759594550608,4.670712688599081
178,1.6341287350381566,3.2121143333822744,8.33852514839144
179,1.5370508770055804,4.178785347608055,3.092934256529242
180,1.1089463462948095,1.5356866198351904,5.295881225367295
181,0.8208901614707799,3.7114006930382977,6.889652288290232
182,2.722659875615648,2.385860915354983,1.8700750587144197
183,0.5796119180918584,2.54669180326638,3.608849205671318
184,3.067571971785153,3.2146818159681354,4.198784945962287
185,1.1378269258723728,3.564034837514485,2.821908473303491
186,0.6879621675487275,0.9962586162369236,4.409307053169933
187,1.327621429054784,4.434742844778352,2.112539661682483
188,2.161696401236841,1.456572218056923,7.649906515907945
189,1.4470977949730726,3.885403082764525,2.4014815982209448
190,0.6042613957506826,2.4627416033335,5.876100046125297
191,2.6898075032997033,2.2029235009061665,1.6425527717078243
192,1.9498030826056714,1.2813200746695632,3.933619640077208
193,1.5446466595201025,2.607750467836572,5.300114288518699
194,1.6220934146740527,4.639902845834391,7.311654858270128
195,2.8142433340869286,1.711574007961725,6.405946707796802
196,1.0381221121962165,2.6743799158351904,4.060374465653378
197,0.8834557083373209,0.7084865519543988,1.1680968482120426
198,0.7771599101925074,2.0846953679298514,6.145635369177116
199,1.581680611623121,2.3030573485915147,3.4370815960354153
200,1.4937282893718793,2.039756560927398,2.29853425893878
201,0.4297188157544644,3.727516274820852,2.1062135356595135
202,1.2644316568105383,1.3941315004464503,3.797099638264559
203,1.3968748929974302,1.2774830852794528,3.3629900290505024
204,0.8455834986920713,1.6711691756643963,2.3533353620260438
205,0.7748326584864058,2.20177478018604,4.299453664999692
206,2.2608529052570616,1.427370049654909,3.632006833668642
207,1.2371748925526398,1.9656083227378334,2.525675777540955
208,0.865743697871387,1.4868234878353512,2.6660491845399714
209,1.1922017127270412,1.5318997955724227,2.1993969297882963
210,0.9018040309531384,1.6170405707256248,9.41506286003001
211,1.3361406443013206,0.6603573598443158,4.929398039661429
212,2.3566160950390604,2.1559664045083498,3.8231036816811397
213,0.9291441936223459,3.97054541485152,5.066297645750028
214,0.4350522982057866,2.4615564482384453,4.058420475239184
215,1.3076597256449702,1.422854127632944,5.529268946211571
216,0.980784684144428,1.3038313599718874,1.08874522543852
217,0.40052698511254176,3.0728648533778613,3.5545876700272814
218,2.408257529889094,3.3536711416748055,6.5463226817453615
219,0.8091129134449516,1.3340016707946432,2.3458898653315026
220,1.8134241961427509,2.989831044982443,1.115545889992272
221,3.46360806354298,5.71052428773086,2.1496544965911997
222,1.4930094564702292,2.318829598200246,2.9639730253926504
223,2.034104370019586,0.5186508907233245,1.0155383084968717
224,1.406441245957834,3.6763043823173014,6.061201232693686
225,1.8637867467273204,1.7977405144621452,4.65305654538292
226,0.8630046527081924,0.6159551202161624,0.8551107556029668
227,0.4103863986115898,1.85695914462859,5.372766072606251
228,0.3145776669110244,1.5110555450129766,3.3734614977427975
229,2.229791322311816,1.2752316439334894,3.274418733603531
230,1.0903847402290625,1.9860353546683138,2.1025015364226327
231,0.37359566541813266,1.593831881955077,3.0616080405697033
232,1.9765301803359614,3.3868326696851847,2.4913094182718627
233,1.2410271306033887,1.6715066511941936,2.4513575101702476
234,0.7734670902815193,1.3802704322582287,2.7552921668558716
235,1.2045913338797762,3.2587473505000673,7.666966572766688
236,1.1263026550511765,2.0461078277414204,3.2407402515625816
237,0.9165015165792997,2.8222214561516603,3.6301129133832486
238,0.7908136949178866,0.676612784596814,1.1825947566419077
239,1.7117638416550789,2.75752035112875,5.818784889460165
240,1.0136153426073233,1.235029868262068,4.546382457293669
241,2.8205193782704607,0.7172799779187926,2.036220013753319
242,1.6725206377413806,4.650250293375604,4.178137468379823
243,1.3354439099650763,3.5292714377307535,1.81570406373083
244,2.140611333432076,1.1342578590744101,2.0598763155951176
245,0.7490834807619174,2.188877689519558,3.0557030872838036
246,0.6679601962982535,2.935130467426856,3.035397830436121
247,0.7577861478636703,2.5124114622627944,4.839212033926014
248,1.1241303441362276,1.8160973965463647,2.2756812209821717
249,3.152493233508165,2.347142204261164,2.62778452569888
250,0.6390343530134722,1.501469237768295,2.7558485699401722
251,0.943290569010362,1.5240959155913663,5.583943062811189
252,0.7619103368396413,5.197582649822269,3.154536632953849
253,1.1604891736863059,1.053589530521203,3.6554976756635504
254,1.3447824421270653,1.913323185073487,8.569365070982379
255,1.4470665661481517,1.6442470233095707,1.7370754695570505
256,0.985384342168935,1.5552232255780498,2.564129612696954
257,0.9447705801677454,1.256177778713689,2.071087023545811
258,0.9972862317786496,2.12661227198829,3.506190887358446
259,1.2898555442822504,2.4068688574357515,2.710905041615424
260,1.459839755942541,2.217171416798604,3.9682558810394215
261,1.5065961347535248,2.385809427727036,3.319593406873818
262,0.7670552672576426,1.5576633514540335,4.095352895926029
263,1.2212101674375477,1.6246241247485251,2.407448727246655
264,0.8856508924286853,1.2646603349300403,3.164759699313642
265,1.2392109766433095,2.0134351790491913,5.126224967694476
266,1.1642500296258347,1.4601914647614787,6.20187725859288
267,1.885832776435049,1.9195237882569895,3.373174062446962
268,2.281543140105787,3.1092126114915293,2.235390878048419
269,0.6828227076880757,2.043113496076509,2.085072394409598
270,0.4358128705180731,1.1257843222822121,3.3685246794352413
271,2.6287356932339896,1.709517617866921,3.933534751329771
272,1.2409213890674415,2.660215376927415,2.678552351364983
273,0.8223543470164427,0.7185339496678693,2.5681527001318893
274,0.9519799415007535,4.3340524524829815,2.5877497760382417
275,2.884975799096071,3.761628705111757,7.842177290224656
276,1.620381697161702,2.045933489421796,4.404654122560623
277,2.5623803221071997,1.355833103978527,6.965271867182729
278,5.359790239876773,4.756520965424106,14.569420413404925
279,1.0368748485553643,1.5695495788319467,2.818518059213447
280,1.6135021875457658,2.671557770763173,1.5147037942137869
281,1.0049831422688014,4.2246509406807995,2.2195182949632275
282,0.5572283853557809,8.836800174974561,2.1199535113045833
283,0.8165151500211293,2.4839570937224327,4.385953676583081
284,0.8025660592249483,1.656937083353321,2.7318274135360436
285,0.779887313048389,0.9187142915738491,2.1816007349284616
286,1.0047672725576364,1.3462058956885619,2.731240618822779
287,1.3301848708361224,1.2858168017718803,3.4696264195055297
288,0.7501272278296381,1.323207732985931,3.6158173628837016
289,1.617638546921676,2.1044348011793947,6.03638228285955
290,1.1072065418607533,3.6612509283010155,2.0390572124410036
291,0.8454976015833078,1.236750716253828,9.509324274871211
292,2.220660940916296,5.7676967258600005,4.6729540548151745
293,1.2764042282817618,1.8254749766238272,2.9293017514305215
294,0.9848639057319761,1.3939898800561343,2.5848374840555217
295,1.0776298913390883,1.6565811743688046,3.256305920315991
296,0.8684228817450195,2.193104090510581,2.3606181388649046
297,0.9509085691536723,2.667035080613799,2.67713765845548
298,1.1979280022494627,1.7767113237928276,1.3464614529713237
299,0.847457725074777,1.5677831844544163,2.303628934457202
300,0.4953354868781053,1.975049378075684,4.025082135736993
301,1.3430665483941413,1.3972215773497056,4.0643385255717455
302,1.0179753791070387,0.8166701533484393,3.0096994230899723
303,0.910787987279776,2.4651459272109157,2.2983007663889783
304,1.0270849027950755,2.4413357231864503,4.397197467110695
305,1.4807449667645554,1.501635527726079,1.1846622065374721
306,1.4951865855193038,1.6933767260528638,1.8561045583671472
307,3.4982849001588185,1.8252080402503212,7.1456444667376156
308,1.71908372630588,0.9194301768858685,1.5158840895550423
309,1.2311622876681736,2.2143423863028247,2.961954402632562
310,0.7633620313225962,1.67835766058248,2.579198056995069
311,0.9216138439208139,1.431787277095586,3.3466460744514483
312,1.0896421304160848,2.8342899056744097,3.009259319413087
313,0.9488339398780948,1.6237660701248204,1.649363881084141
314,0.8593197382296724,2.0298434513620762,2.3368755562535175
315,0.6067670628618258,1.2585712182861934,3.1165471639171702
316,1.1465136290466458,1.0003897629003318,5.053480018769877
317,1.1226907049615384,1.002044161110904,2.0750331382790406
318,0.8596884737220526,1.4167787307514867,2.50520616478547
319,0.7877658839669115,1.5194843478437083,2.335873229265123
320,0.6077705060999219,1.890281407356512,1.6520915226042265
321,2.0018546478012147,1.4173866728010465,2.6813436700901017
322,0.9145082804966367,1.298806369227978,3.871890748215815
323,1.2013430409125774,1.8510040456871195,2.4858912408485256
324,4.23855435008814,1.5462630802830448,3.905871730002192
325,1.301909323878184,1.5077692542859567,2.549356830560559
326,0.7047328540002467,1.9806798249597952,5.4416051123326215
327,0.7497084632901203,2.146485594800395,2.0379188924028218
328,0.6204047524596881,1.161908046551213,3.2655889578573554
329,0.926675632653996,1.0228745118235556,2.518965533118382
330,0.8084187908478588,1.4845235474164327,2.197510108945901
331,1.981077261031205,2.0828102353203133,3.5389564573982626
332,0.5565206334984789,1.9970779890930348,1.9156625109462944
333,0.9864112109416848,2.1318386476900586,11.521585268776938
334,0.9378559661734979,1.236060290250109,2.1413696874666486
335,1.4368899093210197,1.5278298265958883,3.051789742275926
336,1.424389004730974,6.98819471400761,2.447565549480243
337,1.2112890302223904,0.9175474060322315,3.2926249598642046
338,3.287938682652266,1.3328572561043617,2.779249467562049
339,1.0224287410031228,3.2662442191617793,3.4339735378040572
340,0.9490274126978827,1.6263171451363243,2.64186089546622
341,2.1869750023064323,2.3690309571515384,2.760920956881962
342,1.4010765573915234,2.34842044985095,3.974533273107409
343,0.9718863098770881,3.300500338679275,4.523695112366866
344,1.0156860587365841,1.602369631796366,3.1067344780620525
345,1.4621490794284993,2.410676288187984,8.937543974138295
346,1.6641744299680525,1.6745832093922983,3.8085209462360154
347,1.1429037436578529,1.5646816817921845,2.579723970645174
348,0.5396082812186163,3.605712204791411,5.944814408061659
349,0.7340438591453036,2.743759780843097,2.033986140916898
350,0.7952809574138751,1.8843297125311962,4.022692928426404
351,0.7482616848712113,1.311196630670804,4.921630716929187
352,1.479866026514264,1.2336749558968698,2.6860098337037526
353,0.49437513021078416,2.439886595700203,5.972497709588023
354,1.1561668743166973,0.889663651090896,4.59327111357021
355,1.8105667577966473,1.2102337241994616,6.877202157629114
356,0.9881277966043234,2.985119925601481,4.32534114896334
357,1.702814631538874,4.171233961644594,0.8679941510043416
358,2.5299812865724105,0.5264650650354159,3.1427874051202678
359,0.3193172032116458,2.7859597587531204,2.1617977750569954
360,1.5912040847569981,1.6690520246634009,1.466807385322085
361,0.4934092991275056,1.8403395131740043,1.9953380836059398
362,1.0123312256140091,2.1331344348596804,5.3851263194324615
363,3.6284665167785413,0.6248566978095382,1.5127799252008518
364,1.8239402727585787,1.895079966360599,1.6864349649002641
365,1.6897700104096478,2.6234520205633958,3.5148077241467277
366,1.2930255013845375,0.8134944066325652,3.6508333929098526
367,0.9004090465735786,5.982329926234962,2.7671439748444424
368,1.2632882660852895,3.007169124183206,2.4757784354006156
369,1.107044636765978,3.6225029759291556,2.791906227551425
370,0.5576625917463964,1.6291473164312262,3.034206900679459
371,1.859071405276807,1.9061969181644502,4.308264398183538
372,0.37899474514837067,1.685700013066722,1.030214528817846
373,1.1162223390208372,2.3099847220503076,3.124458650215841
374,1.2938114360314257,5.420894442845579,2.9494165272587316
375,1.1494241022050906,3.0650905696296045,1.917507347558814
376,2.1849548607524847,1.796516157867686,1.3644564295661563
377,1.5849218992231142,1.5643626990389965,7.087524619996403
378,1.0850297038301124,2.6130944476471334,2.0657507265498913
379,1.3421170465382364,1.788911552045926,4.503463798920146
380,2.6073545964939915,3.6023815544417195,5.939323093984849
381,0.7054115314622882,2.212776922396517,3.6482523792688784
382,0.5019554688117606,1.1630269965188569,7.14577021574003
383,0.4450201736701842,0.8275846583740493,4.726660249804867
384,1.4175637294274483,4.298800983496713,3.6884622552112676
385,0.7599472228829779,2.137834291381391,4.3768961540307965
386,1.656731745683058,5.72046669100981,5.069720418443723
387,1.0060119376248133,4.334128723108387,3.9929407721200114
388,2.628781953706843,0.7337142262205365,1.3822583443942154
389,0.5085044272904453,2.298271519123441,2.4787559142019955
390,0.9118833405173693,2.337167473279703,2.7346239692576484
391,3.0807499016715467,1.6586332801400934,12.633198724177488
392,1.5667445488896021,1.2529411509763952,3.8533377263841877
393,1.3569094332294926,2.7314888689514314,1.2096902513849666
394,1.8650459144331408,2.237165444978844,3.524692869432031
395,1.73884113130611,2.8668643595521353,3.7892091394223746
396,1.610170111210763,2.654721711798414,9.431455111797835
397,2.260247690056919,1.5390149168988938,1.846202352185457
398,0.933459732854416,1.1197783306342524,3.1397473013650314
399,1.4689208198786534,0.992113918602734,1.8429851854851387
400,1.3939721406928887,2.7382651844184047,2.5128994236451994
401,1.2966620431081122,3.0749408699578007,2.192802820823651
402,3.469638435962909,2.4218410007078064,7.212483574569481
403,0.6791798896116078,3.7265184436470684,3.2662105649927957
404,2.6217830921589207,2.5831250635072878,2.528635893135905
405,0.9302331592932165,0.8383820655188121,7.126745337574303
406,1.155048482646093,1.5034414599078465,1.9210123539296589
407,0.7067009512472365,5.079297892592333,1.8211318045034544
408,0.6779963601237222,1.1178270203931087,2.784738525881885
409,1.201571717398183,1.981056848745738,0.959004637158942
410,0.9244440356909791,1.524150545215289,2.767475101843828
411,0.8066870763240233,0.5816657152436279,1.193173966600844
412,2.653324426871686,1.3300021415341092,2.347180600031444
413,1.248041850669766,4.374592420650848,2.067948218033312
414,1.0244480527103264,2.0576731459228434,3.1166346839982197
415,0.6699569505404881,1.0322035708548885,4.386152242632601
416,0.352798089999034,1.1713336489238373,2.39928558617385
417,0.4389441720535697,2.6603358133244113,2.0566382410081494
418,1.1465458258851475,1.6785584992598779,2.128809954785093
419,1.0180971939224874,1.2474141491091115,1.7018159829608241
420,1.6135752359130344,1.455240269421286,3.3925294838308737
421,0.8634794874682991,2.967637323530176,1.9312027020671934
422,0.7607556348217938,1.291188506278815,3.6805032314274904
423,0.7565949267941016,1.136477972896265,6.143990223696102
424,0.8826478406526738,1.4860593795788768,2.5374066294155933
425,1.7999630236287785,1.602709360845457,1.6357193205577456
426,0.9013405758682524,4.027288866630758,4.514636054367489
427,0.6893087346497372,1.3338926156676494,2.6424210139757425
428,0.9221163895221002,1.5203129054660551,1.6755571325288623
429,0.7831454165267832,1.4236369978020613,1.5519667679073323
430,0.626063112788484,2.232338053032541,1.8970393934360796
431,0.7104497708254872,0.7236965931144558,3.757988196001105
432,1.3539814720075978,1.254273996935533,1.9690838917668791
433,0.6017475095603001,1.8903344909690478,6.639876817666849
434,1.6608417887737241,1.9043530020281911,2.1992171282807553
435,0.9720923659613471,4.3225895512035954,2.945204816291734
436,2.442674173131236,1.5336951964370253,4.729437326983691
437,1.3824865974742435,1.1651528903452426,1.0586657537967252
438,0.8090467681668108,1.1045722748093247,2.5548209938525517
439,0.6164030215657617,1.6890292952305808,2.3649285732897334
440,0.7243854817231036,1.7863570202145325,1.6725046951668978
441,0.5709366672945452,1.016276772979114,2.698795068316139
442,0.6978817919376952,2.8685487420053186,5.8732419044602775
443,0.3912211437203655,1.1506125548017934,7.597464443470241
444,0.689687814064506,0.6421132380655937,2.4326537928978786
445,2.2981547311521613,0.6450146211993134,5.166713986989662
446,1.3881257399465576,1.137102969190623,3.407684781451622
447,2.1822515087937733,1.4344016877309083,1.9487499004533544
448,1.0834803019531463,1.5495772628492954,2.5489740834077748
449,1.7398627609066597,1.636901953215202,2.252005629473526
450,0.3894613658942022,2.288632433855894,1.2455013837325437
451,0.615280092614805,1.01442537613222,1.063449325883711
452,0.8700086019524566,0.9413154275910801,1.874765852280528
453,0.9398661195118463,3.5979244805654385,5.9319746214800055
454,0.992831221568632,3.7890165886100564,3.773316974511937
455,0.8284665724859501,1.3659104601213534,6.247032244676041
456,0.45819435302592515,0.7554347759484354,2.295497701472904
457,0.9377151613648326,1.5460309323999615,3.1212082832084573
458,2.160644949678351,1.4754791098590567,5.468341670870595
459,0.6475825573158688,3.1337704430759,1.7774174867237378
460,0.5505643813597618,2.0668652985868867,3.1004241944816346
461,2.794950973784645,1.1819765627370629,1.9537590636952356
462,0.8949233178951762,3.5623012869648116,3.891447076251463
463,1.9007278542270172,1.0676831367808937,2.736790214329929
464,1.2536171730892827,1.1850147738228047,3.263133855908288
465,0.7169050243619755,0.9077272064375638,1.6600883384446825
466,0.6538753517445403,1.392289735243442,1.5629536815201173
467,0.7187477925361216,1.8931085191152655,2.6431293032825978
468,0.9723529310357505,4.608095121042075,5.41377068006414
469,0.6107123702424725,1.6031389600260915,1.7595609067313516
470,0.5749785269346599,1.006894475098253,1.2934169402577684
471,2.011690478015015,0.9479793275528228,5.051593136850471
472,1.1405823200606948,2.36028196239602,2.5468030958790338
473,1.4315833757600616,1.9791907303550178,2.6987022801264926
474,1.2004398593795702,1.0672276375645107,2.505073231388314
475,0.6473062830756614,3.2836179021127467,2.1473346113907623
476,1.0068088546514693,1.519403719662647,1.4083942900660753
477,1.8974689862482879,0.7844970300581718,4.342204675959439
478,2.2331923088637597,3.063946117894252,5.157855465381624
479,1.5974078296445025,1.6599471741928729,6.070446072636824
480,0.6630108323369197,3.128397478120897,1.8022502976122907
481,1.991614932412904,3.681911661187002,1.760311897978211
482,0.9215649404569735,2.633680266717344,1.4965891532465183
483,0.4758215011838524,1.0931200619782624,4.892806779026958
484,1.8583772602106403,1.5447141619019729,2.5065722253614795
485,0.9369164996860214,1.636845674333315,2.4500977086347175
486,0.9927970867013703,1.3024242784708242,1.8737354075959471
487,0.7899602568467702,0.8542343178894044,1.3412255318104704
488,2.0466581386707583,3.337007014778749,9.863194597727944
489,1.081976235806137,1.9811275922253175,4.95798369963266
490,1.0675824072894136,1.2055341566835547,2.7518015749672267
491,0.5181193043787063,1.5619198098308535,3.516944116015437
492,2.023997066139829,2.754477377180365,2.9601814547992524
493,1.2016146254875302,1.795440810648796,1.8793022966971569
494,1.613748432771049,1.4660381377144012,1.9875898066793978
495,0.8444664116284982,3.3743688070772992,2.4170882613068914
496,1.1482283590067928,2.660621366668088,2.5751704135955884
497,1.0138200318630541,1.783877234365402,4.541365441418834
498,2.0542178534807616,1.7601458231229388,2.021324142383053
499,0.8371763358596004,3.316716881167774,4.87327698975687
500,0.9667079028333974,1.078058200807513,4.759280792707252
501,1.0889898993579972,1.8805023320682244,2.336989247792417
502,0.8891970788319026,2.2793350597132283,0.9928250728567901
503,1.670674980744988,1.194309751903111,2.262148101984948
504,0.6913566787013793,1.139854461815378,3.7256414945739733
505,0.3652399329836654,1.2259950655728478,3.088705726328185
506,1.7927784156659998,0.6021788464191695,2.2884779497129264
507,1.750841558399695,1.3720621806648303,3.7069313281753544
508,0.8597302985018518,2.9557919075601213,3.943171061428631
509,0.8418839892738592,2.88664971895883,4.302503558022645
510,1.8027163095296823,2.2597157935570538,1.0902543814687011
511,1.2878923584695225,1.8733947218483642,2.993133794590166
512,0.7436035959264635,1.4174556302050687,2.5623221495623736
513,0.8321977796055058,1.38803204057744,1.0327781160712386
514,1.3705869110294386,2.9721767245592448,5.834533924375991
515,1.136271336545055,2.1233755257805056,2.943413633027432
516,1.3637038254705562,2.2483675039880264,1.4554634833563038
517,1.45061156652223,2.3916541452484563,4.4764733738951366
518,1.5828026045640564,0.6612727092469324,3.5933081899844397
519,1.1011123877054816,0.6264115920775428,2.673618256125416
520,0.9426256404824742,3.538823710268027,3.5008543950377717
521,0.40108217258954565,2.1794515870225166,4.900290986059715
522,0.3799378361944938,2.7151183486550963,3.2362358736720047
523,2.1464050795959175,1.785270612647595,5.5304274139833245
524,0.9835691899695063,1.2821586497778354,2.57404561713953
525,1.3219042088887343,1.9628762794443184,2.452944025991715
526,0.5354350929027344,3.0487666087382586,3.5806797672128408
527,0.7776685317061484,1.561237586294363,2.0539543365641006
528,1.6468025232079175,2.440580284473668,1.278213401352136
529,1.0828213624548744,1.589364392321494,8.899170823550564
530,1.1905446447058807,1.6216314447077242,2.3522177180195323
531,0.9469384631833815,0.8827832267479073,2.6971785061839024
532,0.9023876775069077,2.6096003214638306,1.9893576817362708
533,0.992236521594932,1.815427415041234,4.368169346764066
534,3.2738219894579723,1.5541269437706284,3.8187689962964226
535,2.034530546496192,1.6359214587187756,2.5790327301947533
536,0.8653325396188212,2.1717920614276185,2.2312348234028505
537,1.3172584717765343,1.2457862787760445,4.671125450622533
538,0.7556075735271227,0.7752756175758562,3.254009010962833
539,1.197083016520142,1.0819492077393154,5.501128749475452
540,0.47022843178743284,1.973656232130345,7.245834774604278
541,0.9363551397909003,4.39482094601036,2.5452771614770797
542,0.6562353667458051,1.54378863590241,1.7838326726166107
543,2.0237521701699417,3.3366032495840385,2.113922238300527
544,2.665593647703009,2.6494286356298264,4.023836627862465
545,0.7318437922474943,1.2462304921882472,2.62041888051337
546,1.6069596982303183,0.7861375769477341,5.026566357226421
547,0.9487731195471915,2.4127900690567308,2.5430843262991014
548,1.4048466043208343,1.9545913105732182,1.7399152275517353
549,1.7184110204171525,1.5424586141352543,4.70996861326716
550,0.8208254199560329,0.8674275262121733,3.3392820214962304
551,0.7558770025810642,3.361843059358286,5.3934301190793
552,0.4768165431710957,3.5331609004693965,3.8141786230803674
553,2.483552826644055,4.7435886498708655,2.1701180397318
554,1.463431152333341,2.124979501725112,2.4603104969578937
555,1.1855195570707349,1.206606427108055,2.522944749697517
556,1.4802867700236981,1.5642624232657545,6.715260215894224
557,0.9639982333986954,2.3162004786142485,4.829552116922323
558,1.8491704225081778,2.8331808011669914,2.4840068703545146
559,2.470406175544866,1.3533123294125862,3.458921222799131
560,0.640079041597533,4.094686372194387,1.6730024659079248
561,1.7766929338822544,5.39761995050439,2.434620419226908
562,0.9281395046255145,3.354373787896652,4.2212692319852065
563,0.9138150593324358,1.4877857583231546,2.527024880306131
564,1.7327006213843674,1.4266921642983683,3.9074618750985355
565,1.2284532039822502,1.0553119308111156,4.643303958257984
566,1.984132058204637,1.4922537488180208,1.65678130646862
567,1.4031579003873509,2.856740370231255,1.8854518121011947
568,1.0669035182004043,2.0253769274650772,1.1953131418239968
569,0.8956467992901024,3.271280728239587,4.678128184904912
570,1.2724660064996747,1.3162431262929868,2.864748422222744
571,0.7983418117328946,2.3134162765191633,2.900144446242268
572,0.9050976507294067,1.7590265242414662,2.0387257578385394
573,0.6154632122368666,1.4766719290238026,2.6884420623365455
574,1.4374748910104862,2.0979417711586894,4.187890581911168
575,1.5529181660974682,1.014727289348196,1.4228623459903578
576,1.7081760653535638,2.5603292121010957,3.3861116365227697
577,0.9296405007935531,1.532718067762546,2.6125156207682116
578,0.6936189589916352,1.0048886588121717,3.2641346352009855
579,1.0538820486641307,1.7375577504415884,1.975771911591442
580,1.4294990123067464,1.1435843314502674,1.9160477410667496
581,1.0572318083013275,0.7249940684738423,2.825674994180635
582,1.7512946234138378,2.8374281742109893,1.5143329685819145
583,2.0251655317932524,2.056044952218632,2.7558381562959453
584,0.6094957811671425,1.2365496788751227,3.399408550230127
585,0.43973113063931957,1.6306225376684391,2.3865689157325964
586,1.7209871823916274,2.0067576004757077,2.1459369489448727
587,0.7500052924957635,4.849256850008859,5.390649251414551
588,0.9890225635145621,2.356845428034563,2.8248434314191115
589,0.7048745722416802,3.3389334889559135,3.171148341758788
590,1.0395077377916313,1.7430805704070196,7.272052815285653
591,0.5570919662295607,2.8873966968846365,9.632782382915982
592,1.5406388469611085,2.369995428905887,1.013732510548548
593,0.7268458667187276,2.816306213048886,3.5826607948307294
594,0.9610907866201731,0.9184893744586903,3.287356374923178
595,1.209350826138542,2.5400840374513334,3.8857811889522673
596,1.013816200897404,0.8630096373939369,2.8738540129737027
597,1.2456808565884445,1.979797733679678,5.504970664693756
598,1.3179872511096151,1.1983662409793798,4.760512351102183
599,0.5234418047069889,1.5845708229743716,3.3898450462379435
600,1.2008080255065563,1.9938824307930216,3.3085839410430387
601,1.2505725177724696,1.6715003349997635,7.995072915696743
602,0.8779696390371292,3.269594046740368,2.0546867206655404
603,3.5437025999541842,1.301576553345484,1.4301462132565923
604,0.37293134947805995,1.9233986957738707,3.2225762692671576
605,2.6752387258576853,2.0537805247611627,1.2961217448102789
606,1.5587362417179254,2.1729936154156726,6.750996518681418
607,1.4489434832694068,1.4475272189091901,3.978018308587281
608,1.3948737941946778,0.6148598483952646,5.542742160718715
609,0.7252855445169416,1.7133541500437823,5.825197529409045
610,1.0392018229476885,1.1342674834765372,7.820855506492486
611,0.6879680050437088,2.4320527355547865,3.5034989042953684
612,1.4751145501522656,2.388903940908327,1.078516526224395
613,0.7894460855672267,0.6541533401619652,3.0334446057998252
614,1.983109034162105,4.037268924486197,1.7470790051486726
615,1.166600279838255,1.8398771579577877,6.656331151335888
616,1.2470543012681683,1.0596569815630665,1.3461771979201913
617,1.2171600113001093,1.7830681126391315,3.6178601240278576
618,2.941222956352397,2.569921597131126,1.3870367231188359
619,0.5261213897263654,1.195793704576204,5.9513216858576286
620,2.039060888643273,2.299758094430519,2.9397823244147263
621,2.1429704118328807,2.0618455106040763,4.084099307770563
622,1.2888652190575505,4.410722991521013,1.1991936394203222
623,2.877131953211918,5.842577853579216,2.3549741233240944
624,0.9355484408110344,1.1621417004303358,2.9704767337543934
625,1.1159419064065792,1.7138585183541837,2.878318986213102
626,0.6427144480966714,2.929271431593987,3.0420256924848
627,1.081485478671798,4.073011208889059,3.3251407726986093
628,1.5024561710318065,1.5302433434528653,1.4828749446019422
629,0.4952309152887006,1.506626325807182,2.5632164438667018
630,1.3309363606641453,2.4771314474744126,1.3028687015796288
631,0.5102622945854012,0.8164977439447434,2.7256890375482143
632,2.189368896025565,2.194343087774853,2.339930990001406
633,0.8741069592046561,0.8412802987190486,9.080268028322948
634,0.9365227535071855,3.6096590682859544,2.2503343405231884
635,2.0018255685866384,1.5440649842019065,1.6467136447544002
636,3.3404439279476477,0.7273477092409348,2.3760690633349753
637,0.8278517396407785,1.4283640086261764,2.545732782796604
638,0.6057920954018895,1.801685212985379,5.441526066831682
639,0.4411586859265081,1.6532139701158428,1.9011479376018663
640,1.0588743801615672,1.7457887135716028,2.9539166850765923
641,0.866346564461902,5.507460957587048,4.213897127034166
642,1.0927773208266964,1.3648967721316958,3.1742892942196343
643,0.8608125049816711,0.9987823133108378,7.600367615991516
644,1.119098711780781,1.441158736507512,4.493295886267469
645,1.2232509292770744,3.300452395159604,2.0268326029088617
646,1.0027249599406713,1.4192398870478085,3.0991387902959406
647,0.545519205947481,1.8450818501258175,1.8706775837999177
648,0.9429546329715027,2.0167998265025346,3.12227146602568
649,0.47929860985706774,0.899409118420922,3.198217747067672
650,3.2722869314881056,1.253361407875846,4.714989926847643
651,1.6123007820104331,1.5546693606850106,2.5414109179377626
652,0.8180451521208498,0.7902298130881569,2.7716247685190734
653,0.5807591331281842,0.957509935941626,3.341650978890151
654,0.7602021215774374,1.879722695019498,4.063510234852902
655,0.6993932408694427,1.134623309011994,6.9966688927620035
656,1.140109446287149,1.1531045128051325,1.691167169254738
657,1.0866852193733867,1.7916410357359678,1.7357884873729499
658,0.6881838241405778,5.3950890677775805,2.9600378976335953
659,1.14861948210741,2.658234594066551,2.7533321204213435
660,2.796018991269401,1.3487284426945254,2.0204561235183944
661,0.7456300453065015,2.5558578044216893,2.406936514283301
662,1.6529911796587071,1.9253037797422026,5.519158644725008
663,0.885462459809948,4.6098559841866775,2.0664436130392425
664,2.0303849979586515,2.7253217181824914,8.8949981033654
665,0.9349328282782493,1.9398171200339276,4.382687917747721
666,1.734547859418276,1.2293361157696672,2.2236772718682514
667,1.550206120247798,1.5414436406578558,1.5786669982934365
668,1.1765585575362338,1.6810753993260206,2.0847292416208143
669,1.1677557716744142,2.464643543494597,1.5266699604339526
670,1.2293246947044882,2.026813772755943,2.712136063151818
671,0.6221456331532389,1.4598807918948944,3.5196484492980304
672,2.5739306423317982,3.347538933844261,1.7570899827579376
673,0.6385608987267933,1.342699187692365,1.7131587430872925
674,1.0889370876280686,1.7365845924188394,3.1849453695213548
675,1.0128942818203426,1.144998409194816,1.6316619284723146
676,0.7432842696316102,3.2315936759966326,1.8265107270287855
677,1.9600606442256485,1.9527871450100462,4.4740727750751645
678,0.8143882241068232,1.264452202242742,1.9853042927394389
679,1.1844252753415108,2.134774695909564,6.411264327976589
680,1.0532917984866839,0.925972138265627,5.044525571231005
681,0.6944766404989874,3.6836223832931143,1.196481278999002
682,2.234229914271429,4.243694199318443,1.6358961551264761
683,1.019623770980048,1.025744738852674,3.5209766440651302
684,1.494881874392579,1.0528089363680844,2.9202958974997784
685,0.9977390992935162,1.7953537388263667,5.61968987171044
686,1.6459193922555493,1.6699803474074095,3.340318696650459
687,0.7303526337684642,1.2254685855182494,5.71099675288836
688,0.6302358810450571,1.8937533720907886,2.605668484751215
689,0.44016086429039014,2.8597859508697545,3.0590315602735076
690,0.6018125633626701,1.0657289464167798,4.318579225525432
691,0.9250164341064494,1.0390833026372621,1.900354100649378
692,1.1716759227014526,1.5250942706581654,1.7628132706011357
693,2.3585723381791146,0.9896529859044754,3.377255540582005
694,1.855777248120182,1.1078347562372002,2.514455363856715
695,0.6463972809451652,0.9922211741903709,2.661373085762062
696,0.6002548784273162,0.725702579485184,4.434417389031056
697,0.6719357455530977,3.4085142052694835,3.869107628417079
698,2.0673683695622445,2.1355802867580027,5.56838765882789
699,1.2952949201967894,1.5804178250488925,4.018996242699421
700,2.1009582939851716,1.7712489972669416,3.208958982600964
701,0.9585718660486141,2.0260057027301928,2.7433314735204086
702,1.1253548209195705,3.4638946281466216,7.551833919817333
703,1.5887165121413336,1.8553964303347221,4.7598051965947015
704,0.6991012045750286,2.6193507066795876,1.945219270580736
705,1.0680357517132941,1.0692002959680798,2.624104523822102
706,2.622918826209347,2.048409031047592,3.233604688032563
707,1.3130207074740372,1.1526230263547477,3.2584206554668405
708,0.6021932651826974,1.760893261717652,4.077432195389675
709,0.6485027608785164,1.4200706402338206,1.1584025705323802
710,1.2424228809628572,1.5799394574254637,1.7150858450957385
711,1.0743168228278954,1.1389098313732484,2.5119152206275057
712,1.2288345754587333,2.351968131167542,2.689738223556459
713,2.048495340155843,1.9463320087079892,1.899557222690301
714,1.1805100372616246,4.324462060090347,7.129832582805534
715,0.97906444353923,2.16480516928188,2.9032221760258845
716,1.6313309909981197,0.9928488453789077,3.569160329515956
717,1.4233651521745792,1.8042552070602753,1.636931009966002
718,1.7510344758089023,1.6142043734489753,2.6048797898753597
719,0.7156061782173405,2.346732402363326,2.3413006704498627
720,0.9653541057995023,1.1521396954404928,1.8777448643942496
721,0.6988080495568622,2.8869677859946687,2.97471393765113
722,1.0092152494269306,2.437644442467468,3.87773988586418
723,2.778164442242789,2.6896101044106526,2.2137367108998123
724,1.4785060918348738,1.1798351274712149,5.327997231874865
725,0.9894993945797776,1.5915998479890257,2.8631439558905294
726,1.5000034774548334,1.9612803846825833,1.8877832321570005
727,0.4261524902991703,1.9763320297818656,3.2196017031272683
728,0.6309448222551105,0.7026066753179399,6.073266576561796
729,0.9240819676347928,1.631408699188341,1.870090926671018
730,1.4449933646671236,1.0402521490899028,4.0097770765732115
731,2.8473903064612998,1.523553595909618,4.237084401221037
732,1.2858619961052131,2.473087639403511,3.9386367410342147
733,1.130196547999172,1.80389477422605,1.971530516103728
734,3.153220101245304,2.3823912963471177,3.7916600877517914
735,1.0386330167554276,1.0203297446546002,2.8058874724279987
736,0.6188612731498574,4.694552964247353,2.5399228481000433
737,1.0941174874636543,1.8633790887579158,1.8625336196324167
738,1.1895766856032324,1.701856779731479,5.9632508453437545
739,1.1987059698348979,1.540541080677543,4.747171152142833
740,0.9582817214185458,2.879304850678435,3.4776150059494677
741,0.6907837313760862,1.7124163471757337,3.869145469371073
742,0.8613163822596971,2.1200280241630693,7.074460197595717
743,1.0943361010284325,5.198781052121609,2.0100006836286495
744,1.4265407822204068,1.129683745052797,2.5423020103371985
745,0.766929028401644,3.6168944692589093,3.3561526027590722
746,1.294806304648086,3.3773978402450053,1.2700443949445026
747,0.5616304918978595,1.6639146484449299,1.7782592643405435
748,0.39676405696173195,4.58041880942779,3.141534256173529
749,2.4487273842062782,1.2041479224058065,7.021335926563105
750,1.0322283153470873,1.6449936756141519,3.9344097502598068
751,0.934385397977993,2.7136623118691547,6.667367894945695
752,1.7463866705958306,1.931767016124804,3.210108031608154
753,2.6025484640820213,3.8886283824403436,2.162057035821785
754,1.279343064998574,3.0596594226565403,3.6345421800278515
755,1.4233790730836688,2.346755354062153,4.932143212858399
756,0.9352606428521364,1.5419841155188372,3.926299311358486
757,0.7394379282479152,1.2191270406643901,0.6422945407854355
758,1.337073346103115,1.9470289421604225,2.6488951352264656
759,0.2362869567316915,1.311353880273602,5.371192599661807
760,1.4444047965348343,2.0356094522481314,8.108564305657637
761,1.814434088924516,4.04396304786895,4.4079047991059515
762,1.975951331988318,2.204461266206022,6.1925961406712045
763,2.452787575277841,3.257792990916992,0.9817807609546293
764,1.180932748768349,2.9914960766926924,6.873601423379632
765,0.7953763341192236,0.38957133155248636,3.5347349702414093
766,0.4672232222750833,2.3814209115479295,0.9259058059086063
767,2.583005136941668,4.91809285763357,1.281648297258032
768,0.6541850244238642,1.6066361138787126,3.041598638130632
769,1.1557058665824094,1.9054368449070933,1.7949328052563167
770,1.3296319148206939,6.096758852161716,2.070137407566111
771,3.697871168711271,1.558911060819579,2.100948047429549
772,1.3448127839192592,2.3863401414053986,6.460483003247745
773,0.9455273541524212,2.1921924201663208,2.4254093645390626
774,0.8522366819854622,2.6735294057526784,2.5539022723659133
775,1.3174416012095316,1.844822828566693,1.8180815709819487
776,1.4473884602656846,1.255601807507057,2.4037143129689995
777,2.9829741054689927,1.0886817785121075,1.046218669473569
778,0.9744740620691187,2.508312092358753,3.7096592329800258
779,1.2346595439895989,3.755999422535816,2.8838079166265276
780,2.278128807631189,2.21722144195678,3.4499959615005507
781,1.1189416072637526,1.4051007452601123,4.424837046499473
782,0.660318877338159,2.1720939908191736,1.981766029196119
783,0.7615609926439052,0.7703208647300835,3.457968119477153
784,1.3003563255420045,1.0785687647407896,2.348696338512034
785,0.36117695769303304,4.258655511603009,2.2724899643842194
786,2.528656650468848,2.1439251334101757,3.6555801532058956
787,0.3406217104551603,0.5954801326350561,3.614314272595212
788,0.47149205937379324,4.169050005924764,10.051856001886765
789,0.7290509793534595,0.5615902592895923,2.5702098251025176
790,0.8360023381657541,0.7773589872556383,2.31661948618678
791,0.7728955936187593,1.2020018570845952,7.716570482833806
792,1.2721153793823035,1.2742894052295655,2.7060872589081777
793,0.8640370964935022,3.9184810180227236,3.5604140548556846
794,2.376678876933147,1.4710851419474014,1.7195509624475445
795,0.8922582416389154,1.5490200300999764,3.683745598422557
796,0.9395281407648798,0.634563699799562,4.7072845634510285
797,0.884277078191063,1.1027222146592432,5.657728723196962
798,0.38488233946919204,1.457926428005973,1.8108647232117823
799,1.3647073655656754,2.097363684772033,2.628810944415684
800,1.0608936448146704,1.4245563396625796,7.391380679385741
801,1.2691825863609925,1.3783348372885864,1.7038843594600241
802,1.6278065799415091,2.250022061888824,2.2944005870385715
803,0.7786284958902442,2.6837993329347083,2.22554767738231
804,1.1544446428992554,1.7491179181562764,3.1428218129719796
805,1.9557107168319596,2.0925283265352226,1.0322687463628915
806,1.3098031328396758,1.2837413631473222,3.156761680981592
807,0.9955138685686038,1.903357438593501,1.8602218779324964
808,0.6688348323373063,3.224421858176713,2.528090514551843
809,1.6215775542326438,1.098344975220176,5.0428196224651805
810,1.5213681881436252,1.6413248903858257,3.2034183685190736
811,0.8440628057834723,2.159500285542117,6.842092581317268
812,2.0813620809901816,3.4315859349562623,2.5436164060191566
813,0.6268240259791096,2.23430464802508,4.020805424456417
814,0.8187332358561763,2.8551124117256,1.8491738325469875
815,1.057366336489105,1.7433023698915582,2.8742196985016952
816,0.6129741833173067,3.171265587041793,1.6662365838256388
817,1.9234698086329869,1.0106235744252745,5.228533028394283
818,1.2158538515708674,1.53336440760467,3.305033430786137
819,0.37975044955075954,3.0586247124260435,4.303109174873866
820,1.3551742721657936,4.126639808928048,6.8036788294965085
821,1.7317132146380387,2.004604107147329,4.629678383929791
822,0.9300325257246032,0.6261026437322825,2.6674878708676606
823,1.8551496646414483,1.906217787581455,1.2597030564541738
824,1.178471759249343,2.609967646652171,3.0766208301835856
825,0.6802730361462711,1.9146727449216165,7.957452159686727
826,1.479171652608582,1.12828160283437,5.956900865922534
827,2.5170651952588834,4.14993892716184,6.065831882439102
828,0.9357441820011033,1.121580624578251,7.330919101446255
829,0.4704049649837152,0.7755666716115712,4.157416167999947
830,0.5115866282536536,0.8434637558073004,0.8999121419994807
831,0.86723401811112,1.5427813367989351,1.9616889762674903
832,0.9548344427212071,4.446427198900806,3.736496930210698
833,1.7031634966841511,2.5216003710773975,3.269624744125831
834,2.50293356570596,0.764048525873282,0.8362097701470029
835,1.5830253985528115,1.6179131780930573,1.7824266539329356
836,1.1613077231113753,0.545824305170438,2.270778186729115
837,0.684337384908968,1.4298271723342735,3.9696740003364464
838,1.1561795322579007,1.5742558557113182,4.527876819423784
839,0.46341885645045905,2.8080418844627055,4.861491966811424
840,1.5294279366013708,1.9429714563936946,2.6828294295532493
841,0.3310591759022756,2.4387417666721083,5.334378319621392
842,1.131825551704766,3.6130430120512718,3.8196381233813974
843,2.9273830536549115,2.4077289902686383,4.146274504707776
844,2.2314948431522796,3.679113013362285,1.2786932683319145
845,2.1914213616698923,1.6272183038036436,2.5955091148350946
846,0.9869577913026855,2.948643929818266,1.390636635263905
847,1.665712794023169,2.746296114383078,2.3573864724520908
848,1.7884429480105197,1.9831276530677355,2.116531691498159
849,1.4603614528770432,1.1898245089266948,3.138105894753966
850,1.2028277237097744,1.0810964142994925,5.316172903285532
851,0.721665044341691,3.2354640013572884,5.625572434090384
852,0.6557181213781144,2.266299948095281,0.7629897822006346
853,0.2806882546955333,0.5071868635454585,3.1267590656722457
854,0.5799085506110345,2.316727630838417,2.1992013372248262
855,1.0716962388115545,2.5148426106903905,12.456664005971902
856,2.0695324433233435,0.9561075624530733,2.438120782197824
857,1.3752419784664651,0.46277669595219856,4.285846440547554
858,1.2324556385994345,1.7669283846577186,8.066794106207269
859,0.9233716890617525,2.2673907022570865,2.231037017967779
860,2.1665559386993962,1.333883037908086,2.1141167674416343
861,0.835372610358505,2.5994972690127343,4.456143213933637
862,1.1473690013670377,1.478795006485757,3.4112269321110986
863,1.3745804026252282,1.8964752388650217,2.166376485564323
864,1.9624081152200634,5.288075047856429,3.713740164374962
865,1.4051663383070008,3.412082159710719,1.1374101335645315
866,1.5253291477358488,1.3772965916580775,0.9901037158669787
867,0.3076243829438785,2.031975826552956,3.4877654183165765
868,0.9813139472667426,1.5223825445178831,3.5894161789591488
869,2.6968944223139646,3.5720468602949667,4.849175739523897
870,0.666179902412424,1.8916916778955153,2.070110997450158
871,0.6325874471311952,1.8660648618172102,3.3366311310099532
872,0.9670855011773641,4.826438708047198,5.994646460729171
873,2.71913699381894,1.0429603796629752,2.1365068292568585
874,0.8090409589619975,1.5944544363765685,4.308158487598092
875,2.9676077078375704,4.483098999655744,2.1085462167417104
876,0.8207526514030311,1.0334581046174596,2.5363246941435147
877,0.7859769384062582,1.3916243017018086,1.8423662619428687
878,1.5766747934956973,1.3498629009849075,1.2934895359165859
879,0.933061711111122,1.2958568966299335,5.780595299896553
880,0.6777686708769046,3.5061082807785553,3.3585869182969263
881,0.47584820763428853,0.7845410615509439,2.2812643555871452
882,0.7777400949779048,1.2788979278751544,5.46826963941819
883,1.639323475322292,2.613030209629859,3.6659196575869126
884,2.126562168565026,1.5383586899845794,2.528405447548715
885,1.5848829368960284,1.117451624288648,2.4318129286938546
886,0.7756908038993374,1.2822766376661088,2.5372586799339287
887,1.2549202574944338,2.7027874833214596,2.1057326493177646
888,1.366208656326528,2.069013721563188,4.730649702416581
889,0.364238801695069,2.0237690811095446,3.39056326136269
890,0.41842980431864474,2.9411737603564396,1.6885790759241261
891,2.205307189993977,1.2555857889620174,1.7708859170770013
892,0.7969653708766146,0.600528259968795,2.2196702769986456
893,1.2830771930278908,2.115436660094803,4.029446520526631
894,3.951001780670891,2.177090963007598,2.2521095668984756
895,1.3204724180475684,5.64438643302913,7.303015844762918
896,3.423493426898604,1.3836567745733845,4.107219901704782
897,0.9301483830993618,3.3166731918833774,1.3863109390424722
898,1.2355550786291256,2.2234926683701195,2.51158789135727
899,1.2274779958716493,1.4749690999385974,3.179498294205592
900,1.7839120611988335,2.056480571712109,1.968806488808406
901,0.7615512769050591,6.514100676365334,3.6261029796463102
902,0.8392302562979725,2.037085939257186,3.453571524962776
903,0.6211935268249795,1.5335554241229508,2.4829596583070472
904,1.247318517846932,1.3139737589754579,9.77202198453526
905,0.7746557502877507,3.6359368725705674,2.937633708549182
906,0.6514725215528896,0.6898741186747354,2.9406421017687445
907,0.8165710610873655,2.252497271899961,5.399387954454226
908,3.5949259867870382,1.2771914129694084,4.268906257810962
909,1.0806950470678887,1.5389251810022062,9.306019972184721
910,1.482350534202159,2.869284084876481,10.739936344603912
911,1.0818017730843048,5.927030941007417,2.1765845791520384
912,1.9863238233530809,2.4439828563723056,2.9251845299031194
913,1.5704428485372215,1.7817649112407687,2.8751724930419624
914,1.740308768903111,2.4911547965663616,2.04644023161986
915,0.9334053052817728,0.8408400884244736,1.8849746892867778
916,0.5099952935449742,1.5233550606714314,3.9494692502034283
917,0.9239615499257862,1.1941414985036731,1.393761585389119
918,0.724283430877652,1.3659735013562655,3.1392164958467323
919,1.1696720556782132,4.4295030182165345,4.0083796573841255
920,1.3339687377828542,1.7835895939648452,5.460492283197368
921,0.9134298115494097,3.274894338060093,1.7662273202026906
922,1.2704979626493123,2.589222528801884,5.558987031796249
923,1.0761152501844926,1.928463197940014,1.9219039234351283
924,0.8007207186411086,2.199342632431223,2.9540547259662144
925,0.8285048089276984,2.094697015400761,5.162239231392419
926,2.686629387838495,1.505991159593024,3.1244700511474273
927,1.5109617622079796,1.3201652807136686,3.7662820003661306
928,1.3486164750130094,1.7742141027036231,7.51857493960478
929,0.8946139812416695,1.1432949418348781,4.603839212937972
930,2.011663979124592,2.395474189840995,2.5991542342259883
931,1.057716850012187,1.7438802689926693,7.475288601194071
932,1.1033796145632506,1.9040310522070039,3.7388550109487286
933,0.752843288799365,0.8453591338683424,1.2965659221368186
934,0.41476932556720303,1.024174980897392,4.3620577465966806
935,1.136498465940347,1.0740966035606858,2.496732182010984
936,1.8990816836385431,1.3462980774527025,2.213117836134498
937,1.1494282963733877,1.8191654401871102,1.47058564973838
938,2.765929147188493,1.2412287437472111,2.9992967561585404
939,1.0867360017786336,1.8737691949136128,1.1274599206910627
940,1.385537717589271,1.895086881375088,3.0893231280363973
941,0.5409982270207029,3.131056366611552,2.4678903526781477
942,1.604711366176031,0.8919552842998738,1.694112391251124
943,0.9184964398732957,0.6838390094964418,0.9054960283431273
944,0.8141605528039254,2.2843655063463166,2.508833651812447
945,1.6936577968992623,4.560246218218193,3.912459239037882
946,0.9561754072057057,1.7917247617677847,2.8744375052224083
947,2.75000499320355,1.5143446174811268,4.479388121689432
948,1.375447892049365,1.3423238211727015,7.207642966350288
949,0.4769799468777856,2.6457217627482583,1.933846506689808
950,0.629933122917042,1.576466732380188,4.936396201298286
951,0.6227065009664544,1.4968511637085553,3.03633949395397
952,1.6853529978186261,1.0275311062931123,1.8021058358515671
953,0.9078861238159138,1.0385841388717272,2.3482537748318824
954,0.6232291197752685,1.0266694535464445,4.337580238960815
955,0.3331133728899376,2.778677336141349,1.8999066587928428
956,0.9229483218211093,1.1729371974857141,1.9663755279236492
957,2.6515436666250465,1.521684529943289,0.9125530389945599
958,1.1170068762428889,1.8416329963797264,3.327271809671906
959,1.8159986759350923,4.371656443354305,4.102161307126733
960,0.6629576878250355,0.5492111034381991,2.8487354122919197
961,1.4393133184635598,4.533991726825444,3.7614729988659215
962,0.7114223721924401,2.267730196361041,2.4069410980198227
963,0.8638742864140306,0.7864069841147598,1.8055074476465085
964,1.5957065943456359,2.792369635034533,3.474497575976952
965,0.6989365999147954,2.71688623255764,7.107852313216964
966,0.7233891303459744,1.1523516391501756,7.702000737260453
967,0.8770304749422126,1.192667046194457,6.424466560284284
968,0.3357095020246831,1.7434344763455765,2.384016003039562
969,1.0479911915194886,1.4459787990892936,1.7123357611693064
970,1.3837685848048378,2.2814486994938674,1.6926917660397656
971,1.6478747989976192,2.4880866038596556,4.581264428507997
972,1.0574464631037737,2.0180923657638306,3.118872306952319
973,2.8334077271262954,4.6714995882784205,3.350161766785772
974,2.3634291680226487,3.896635941111665,5.889309638504649
975,0.8854641460724412,1.4598835720716885,2.5099844832886804
976,1.2781962266023141,1.0950956233373144,1.5763548752933785
977,0.6642090708713501,0.5534913967642171,2.9131724115885023
978,2.6148327369162576,1.7278453689643885,1.6822393531398394
979,1.2240348939679695,2.107389306927588,2.9741196843706876
980,1.5091008092613811,4.311130352676136,3.9278992054178072
981,1.452928540688972,2.9940756445769354,7.740009328581775
982,1.1548532102086444,1.4242879112216495,3.0721927390125336
983,0.6934434353173323,2.6308754038937447,2.8232972558829066
984,2.0088028496643493,1.0930324414911856,3.495335297917515
985,0.5127362331593462,2.3730264833527897,8.571340902344216
986,1.4746004683620704,2.4312051579723284,5.563393627414355
987,2.045037042737148,3.3119559868839894,4.386623040504154
988,0.7070289413387473,3.3716960717299065,3.2663272012722198
989,0.6497587195380813,1.1656936545856171,5.501794445740326
990,3.207379647386687,1.0712710217251995,5.84309616326036
991,1.1502703777576142,4.8927579510045875,
992,0.8969345108636807,1.353192354351498,
993,0.6851878271536284,4.290877010759256,
994,2.1937573885510155,2.1092801237854464,
995,0.7311934273595704,,
996,0.9473522526751064,,
997,,,
998,,,
999,,,
