,t=0,t=2,t=4,t=6,t=8,t=9
0,1.0020966523216874,1.7100443838727755,1.6123274940678576,2.959293819578979,6.0569730558774175,9.353888657943138
1,0.5974385427879779,0.9517676424635301,1.9339354435604472,3.6599620399452713,7.820441239321132,12.450013366526584
2,0.6880345423705292,1.115759928383038,1.3706482513319758,2.451130241891198,16.067180839244756,28.22510042209042
3,0.5260460029304649,0.8251975918350065,3.561951055553022,7.568128024948536,31.016356530476703,60.799008443753294
4,1.0934614497912558,1.889670385822986,3.1693329613806998,6.575602280419916,30.447466870206622,59.48228601046151
5,1.373396018938479,2.456813737575222,4.853147821225503,11.02871067578571,11.853308583918295,19.925093392840846
6,1.3617682443761014,2.43277803350342,4.796923109595229,10.872094824671866,4.839841344250116,19.199665276785606
7,0.8582993547741833,1.4332765766385607,2.5812196326677257,5.146188484547484,11.473242680438615,13.060924528477022
8,0.537684364291564,0.845663051555416,1.4093193973153664,2.531321663882976,5.028246951979413,18.656439489852243
9,0.8438834160677622,1.4059502630711267,2.524317789718795,5.0117355385780415,19.169621309374424,17.290273814844653
10,0.8913523485794989,1.4962260806067191,2.7131157116554734,5.46052222658359,8.160937362799475,33.8785668111714
11,1.311955070935111,2.330264648569862,4.558570182632079,1.7898983759490357,11.187216464703619,7.290011106007271
12,0.4235805536099001,0.6480270194989063,1.0428918472179156,2.2831930930239603,10.462271916074194,7.605217147348936
13,0.5011695618561886,0.7816804878965106,1.2889598110763119,4.1525574335769955,3.282902113017685,4.84774098086517
14,0.7473509766890467,2.6363216286301423,2.1532166957182075,4.476047343204574,3.3428491708407817,6.642949759228802
15,0.7846479613753528,1.3419000118968312,2.294532621390492,18.600016792709678,104.25137706103726,54.08558347495436
16,1.837958954708711,1.2250486727554784,7.27722723733375,57.57775078970861,4.4499196310991085,115.40330218955815
17,1.459640543273528,1.294506535687456,7.389179209700622,3.7911518757325795,28.08981582989291,34.61047429020197
18,0.8099277918213577,3.448075454208259,2.3918012282539403,4.909862799551584,12.753078364642692,21.658466425224667
19,1.8579476406691195,3.4920131293329,17.629189187505297,4.648902704462551,52.93974690090723,267.24197762998756
20,0.8328446163790101,7.080888384762116,1.9928451384148604,7.458225118910063,10.607110459767686,14.793603330353974
21,0.8040904931616947,1.1453090305676565,2.481003904276877,14.672444365618116,311.53796131311833,139.63889501744995
22,3.3706690669512596,1.3850791063636534,2.369235396622528,27.182459276820502,9.114978423679705,16.405570120697817
23,0.7041514264443178,1.330934204465011,3.519040592195051,1.762396351561789,9.988313109118401,135.2729384819042
24,2.289483850195958,1.870220516656517,12.83900723258375,10.213959725076768,60.305979553402935,71.27891636818194
25,0.41902787563469024,3.137622688131248,6.113938094812775,18.24593194349707,61.8906121844313,412.94590695322745
26,1.7396881781474978,2.9825402635506557,9.956586946949539,16.55879594053034,146.45381363832598,17.561983601710658
27,2.6006971131361283,5.490260396059587,1.0288747738350672,34.55253197966511,35.463206906619085,23.975207648601987
28,1.6953673376829133,4.464410703401514,6.735916491014257,12.226012706837091,2.0535630427402918,59.19137961202473
29,1.9670176121025233,0.6402866747085726,11.984528575874851,4.7013656534809325,8.546829576593426,107.40386717582513
30,0.31449103082542507,3.2335523567829916,5.277055197091716,1.1756177497080484,7.820962384271153,53.97688398721098
31,0.7219582329694193,5.1923727117094565,0.7206209162164879,3.938398563607176,23.311711439854978,10.991961656934821
32,0.6880595126859234,3.733529716622268,2.0585162494432017,3.660163766030779,30.321454672369722,39.99246443098601
33,1.1855261417928777,0.4659546419906693,1.934026323199953,8.830589883377687,22.658293943775213,63.80077233259055
34,1.2017256605309283,1.1780837828613842,3.972087955722635,10.837291521742934,13.938468621725853,44.34778731828814
35,1.6961945415674484,1.1158056241468175,4.045741309126835,8.635666858009582,23.71879693876152,15.041246304187917
36,1.3591728086299197,2.073476526862492,4.784403428841614,5.866672863482865,6.9982834938147205,9.786987765762596
37,0.9328017063079034,2.106100868802282,2.881308033498882,10.200421731736997,49.895975593062175,21.306010736880477
38,1.3109137016247412,3.1394083767342438,4.553630908129356,8.349612872184052,28.041881774185654,16.432966249047368
39,1.3992001208877558,2.427418480258182,3.863331890074516,3.3379666907728307,21.70846866599598,5.3984194462650095
40,1.2116684478217905,1.5757375373138298,1.7876617811407414,11.38033357846708,32.304448559285944,50.73268688131855
41,0.6473987885262759,2.3281294938558075,1.12182624505039,8.951284762752639,9.250002845924305,61.27423081617268
42,1.161425775469075,2.510295305470246,4.9787101627358865,15.840216184718685,20.97745694547058,152.55020934122578
43,0.4489365635736048,2.0250952655945804,4.091166229569887,4.203011693823105,36.15466788556156,169.07604434101881
44,1.279078177378182,2.1261658150197253,6.5011764508269305,8.127188584452012,10.003045131169761,38.428989737705834
45,1.9141786430366095,1.04175318792627,8.089944763958512,6.167584552418703,6.307808279405904,25.747250752958564
46,1.9806388620333824,0.6913481926301012,2.175391778981678,12.408159361915255,14.832897966962944,1140.9334715872285
47,0.753249774683542,3.763898841251065,4.873264874798002,4.481447952450916,12.57105005918312,2.848643090218407
48,1.3775453260195445,1.2359965693961479,2.6867400023504864,3.234336151932261,45.23838367802101,237.00982008865446
49,0.9626649447488471,2.4654003999514345,5.3406675981469345,5.224392044721309,3.6867732949543948,165.57248856280756
50,0.6111492808048302,1.6334093352496015,1.6599440326085986,3.0613248307109093,26.602710447211788,488.95410249563747
51,0.8847822276873474,1.9870473977934702,6.127706026701345,5.397367449904197,31.221089070162872,13.758101060611443
52,1.4723745118034002,0.9763499742255324,2.296874917755776,14.713582535734488,72.29489534380295,12.450945297967944
53,1.625824240779942,1.4836807802128817,3.7782026740059207,1.9460061133906814,66.51165873292034,42.04018847557404
54,0.7852603857056105,2.6630074649510713,3.0043918196580215,9.790891496989488,18.819267774418197,43.459368316361704
55,1.1424071976980597,1.0174597127822531,4.40349877981814,20.85570194983282,45.07099170525955,4.332761329186772
56,1.6232014685231204,2.9881520348282713,7.707450746097563,19.61615623616643,49.839328976132244,32.11995116571514
57,2.7255142393182186,1.2956516989949993,6.496740823169561,11.08487324688496,166.74371335118295,55.57563229287215
58,1.0836372636265923,2.2630146549141426,8.010994368571394,37.80573625444627,71.08046187145749,14.546236046889423
59,0.9731221685933451,3.61615646519166,1.392866475838856,15.826715048083962,4.360067837341981,75.80736820058607
60,0.5327432922829188,0.8369662613487192,1.2698016136085255,20.598221422329452,3.0172774775122932,33.47407424273939
61,1.3759058883122801,1.7271185137450316,1.8269290339794528,2.244098943351112,18.625088849101534,10.542487889008358
62,1.01084403929782,1.9043420897985068,2.1308884711976055,6.988805050247402,8.97978229463357,4.065753779493539
63,1.169350578236171,2.040983722369611,3.413845970099445,4.101871704863511,5.337882722987356,44.53972213424459
64,0.4952758542721305,1.7859400686702076,0.9657692677930512,7.190264650999974,17.32537652566815,49.46977902297144
65,0.658396697781193,2.0255814765164075,2.2128459594053163,3.235964784608231,29.643054690610906,15.228099469359213
66,0.39833469405449307,2.6473336793410085,3.2062936635138555,12.718990681699395,43.21420331291433,49.09528391219841
67,0.7631733742738653,0.7714164528014719,3.8989852112944168,3.4238737608094216,30.852623718272778,21.541438667018813
68,0.7413935797296033,1.0617118494423616,3.5943827179737933,1.6394226696594365,17.972094655566803,173.26888846090714
69,1.161668435783625,0.6052538172597466,3.864422028959781,4.288491301991834,28.745075588361388,30.788280001108276
70,1.4648979552546304,1.2544461701386485,5.303286772230742,5.439594354745425,2.8468428534991648,8.126731620406794
71,1.100861480439994,1.2140064270165085,3.3342090760343788,4.240893397730605,12.692689731700797,44.63303058585558
72,1.0408765040872636,2.70818797977776,4.625707993028118,10.649214525132226,37.34363612260314,44.471883936395294
73,1.0593903513623237,1.8223547217812517,2.7043822823573698,6.983527673714195,6.74195446307208,38.4851822685006
74,0.6341846816246606,1.017843379312747,0.9243697052966515,2.661840522658408,9.351671809752,84.00680530278524
75,1.326072810355404,2.3592429581408507,4.325633705535052,9.580000548343628,73.7403738002865,30.04820784663051
76,0.384576729746752,0.582099925679838,2.1920079193157567,10.663487408304535,25.86985104738593,19.977409725863243
77,0.8891790288421385,1.4920744678440072,8.183009623325278,3.9704982043024577,23.806549481073684,11.741052336940891
78,1.9966321428662583,2.2290760434673467,4.716585476850652,16.267189949969715,26.037860243716924,37.77691015604888
79,1.2624249042527276,1.7849810936937385,5.959502246794384,10.126064574429359,217.27781670470787,23.741360234899993
80,0.7576583703385376,0.8785618706491256,4.837015040510961,28.189255800133274,29.934552940358362,123.69088722795294
81,1.0403881429631507,3.7996145531366836,3.332116457397945,1.0437701538950042,12.306939738481107,21.821090977325
82,0.5563148533205149,1.2441879516660492,1.471818129711029,14.212940879550661,14.486824604254917,25.279878439568932
83,1.3450735488574976,2.398338543926209,5.4487119475377845,10.983719216316553,8.744734309224983,25.724999516474224
84,1.5936375435494976,2.9194134187193646,1.7407996914311195,10.398382541345958,23.579770928065958,30.24165758595834
85,1.3700642950545092,2.4499226708002504,6.613132138966043,1.5595117973273347,59.26589583026947,542.0586505011488
86,1.4938838675929147,1.185175411795191,3.0028739524157344,21.160292895936948,8.631470213136103,13.911689920539217
87,1.7170070345627635,3.184395888485034,13.378831235327326,6.163855015174408,109.7048468191302,112.12393734012406
88,1.602345859616378,1.6327006942949924,4.675385115442239,8.977228570019054,14.821729249599446,60.41947068174769
89,0.9622989996075932,2.130465494910676,6.004848199734748,9.62849149125819,180.36969245693675,2.457065409285911
90,1.3364747266433494,3.832835861995041,8.269782592816863,4.189159895480597,1.7916238785030578,91.65859427515151
91,2.8026541886209086,2.38063239021676,4.100912672801248,11.369425379879198,43.755433155204244,57.62999268310285
92,2.011483396032646,5.676007094910408,4.343571480345117,8.989824404623166,242.674489716034,285.0834343405306
93,1.213797064744338,2.9379832861179453,3.29802284304396,8.968064165416061,51.69774924805975,90.29675864603263
94,1.2662700731722396,1.5108182398135774,2.7438506399133114,8.135245199554706,32.26426395806689,804.9836567249174
95,1.0324179205790065,1.7693417952416204,12.533198001803267,4.013344806384,12.96651336290894,1329.1795823039743
96,0.8989839227725235,5.384207374465795,2.169308843748918,28.51496014287744,17.058563271542827,14.97311853491099
97,2.681236122610239,1.232995244347148,4.9748286238289525,6.051697341765121,9.212888859760021,63.70670224949114
98,0.7516334000746878,2.508646014774818,2.0917648856404756,10.730175966282758,111.49037824233075,22.072868773184748
99,1.398405764791104,2.2369047637542145,2.957138629492168,8.910128916472198,15.154261154325734,14.117592243926264
100,0.7309111693336512,4.602210965045437,4.105642355747399,18.011891409131586,12.075702353570783,25.059219511234687
101,2.3491103813131184,1.1946122568591002,4.43750670121596,5.305345483977011,6.737878097172689,58.299915184669835
102,0.9512455914237279,2.4108808922396934,5.744409929983183,30.15472028078681,31.14008799272942,44.04401345552001
103,1.3511581550782952,1.4653101898079177,4.097470550027621,6.897665707848574,19.436256356576045,20.796221380661095
104,2.420306862387987,4.76780086225557,3.7812950114447004,5.5343000206584,22.017878322795458,290.99071568987745
105,1.2148294263920603,1.6113186015611354,10.333752031063957,36.631595303328226,16.349367510021995,132.42467617991977
106,1.2130454970429174,3.4188342414223536,4.7458126342209335,16.18193524383883,28.56475209180265,321.75213724656777
107,1.1431004623743048,2.1193353776577246,4.075692112494344,14.34749019110669,35.74757438828624,72.93755400407505
108,1.286320836698784,2.1325513169255816,7.202923884709984,39.90489039329085,17.34181002922369,95.41184786221031
109,1.552009907181332,2.128947210088804,2.6481974694158343,37.934392811218096,20.67103641355828,26.38881828424231
110,1.8246304936857776,1.988432263416332,10.791178067482043,6.274602395657098,66.04371075993382,28.79674299628032
111,1.2082854921426105,2.2778013544472304,2.0727711099759327,2.497150128680443,14.597978147249954,20.35145367516858
112,0.8751461156723516,2.8309326033427484,4.7217417081160376,11.062665479907968,69.2747262649352,10.535360173287023
113,0.7258017420694292,2.400552350716069,6.640971102626004,7.651420597365997,31.528256157853985,55.1648156772205
114,1.3461479103335552,0.42386530838615744,10.242023949367663,8.443155944758857,6.130601612204325,61.086126526793784
115,1.7221626744740008,3.1955577674180864,0.6485115407776038,6.667770640473861,4.34662359510613,40.65751790091861
116,1.3051816038818693,4.568804527787263,4.526475305010877,8.352469663428158,33.566409383950166,35.169277480002684
117,2.334687341176632,2.316382643446667,1.7400493239074712,12.301046332154268,23.40129384063086,30.82200084126173
118,0.2886025952278092,1.4490584566883615,2.614180591201509,6.867135744047155,6.683229526670518,6.494882984698014
119,0.6339722917451708,1.653679482781244,3.0478665273312817,5.155816560115431,18.338761730124762,71.9601139555743
120,0.8666062014772343,2.4620071077119894,4.865313036273321,5.826354097564394,6.1494231955123695,21.05612029276812
121,0.6686793526313195,1.080420395442158,1.8638587679788765,5.489535829716134,8.671840677986696,9.857492118990987
122,0.9287471527103247,1.9708792214197783,6.968445072007381,17.278431835776928,104.86358183163244,18.113741652489754
123,1.7822389246310861,3.603843168926196,2.8647194657539505,3.5050259298136597,84.2347335609325,7.837189123416604
124,0.8943590900784353,1.6184439463120313,2.7252123113803495,8.033347589148375,66.60520195291387,77.04551512423366
125,1.134307608805116,1.5679321252140621,3.7421347010578585,20.212650791616834,10.900217756618588,43.65459306246472
126,1.9464422376505055,1.5019726325559006,4.9033326160274555,19.51433316950495,57.08160486940745,48.05695950589782
127,1.3837362490663585,3.326133967568439,1.6299571086527291,6.088991936247754,32.071013036679894,10.439866228384247
128,2.294647873345378,4.476313049181216,1.62637558113399,11.16893930567847,6.348504095643801,17.749294018793176
129,0.6025276608484103,0.9608819686510985,8.831414130375359,23.31448504661057,5.166288466828111,35.11564687745493
130,0.6014950165271605,0.9590315947927281,9.989037798252228,7.306631080811604,23.83430660828978,26.820878810853866
131,2.106238245021066,3.687742685037307,7.675754259747037,3.985784079954006,12.441710589898962,38.29394282273335
132,1.9086173034236886,2.4782214396154782,2.9723656619057977,2.238236206083773,11.103448106844649,53.564046199653
133,0.9549315201399536,4.046051989183301,7.892281129153698,23.204869156586994,5.700574058814862,39.04288190254493
134,1.0699720161365187,0.7698727086543112,2.079551687513421,19.63648247848808,7.528003394709211,143.8177684705222
135,0.7276272987241273,4.033761088213793,1.2669238048066647,4.737366689344686,47.905827443568924,85.71368377069112
136,1.9152869084344353,1.012305614366636,3.4596294188080305,16.828065997985373,5.601345179475019,357.50255857160556
137,0.4943885345424347,1.0488295748755945,7.713772965956962,9.444737756090477,4.503045869534445,22.211679861805948
138,0.811801362735058,2.5614851454790144,8.798818872775671,11.72094141247227,14.070224840988951,24.371219065775605
139,2.100801949776069,1.3454224785115931,1.8015686165298617,8.857198214285395,43.50329768358551,96.90514456666186
140,0.6513014782294794,3.2683884726173904,5.099478426123998,3.2124823903206656,7.997036018260023,44.60046453715721
141,1.4238111197862142,1.9029405548267073,2.3990575033838515,2.989331937751057,12.212620393499542,208.12466654689672
142,0.6311180049897769,1.6671574880274438,2.4072580036435376,27.296405845767822,13.431605526342784,102.24241774477318
143,0.8139167105759885,1.9837137411606132,6.823216292644623,2.9969986314476764,25.433828764362644,24.23497052005225
144,1.755724344997389,2.002105587962676,4.275488747892591,5.352360688136425,185.76081222321346,25.168910567729036
145,1.2516476336128903,2.2071579205277634,3.591282310752365,8.985429504648248,15.36996866001979,5.715297619456921
146,1.1001549771980863,1.3494011500157395,3.7707607067339497,3.0777988435045787,20.914072002557948,23.13767031077982
147,1.149941158983316,1.8432197037879092,3.0768347007131456,4.807032913047425,37.85377419022292,24.649745471878443
148,0.9800643604029733,1.1885458788833376,1.7299739655149295,2.589700728549613,63.396697471849855,34.33438716330647
149,1.140738046717105,3.6186111842452133,11.285043955919384,23.557936755853714,27.85966313200584,9.158265828242007
150,1.5029677851256829,4.073258209465787,8.90365940430796,5.9346199948725955,21.26509948547079,7.7323182656311165
151,1.3069440965399597,1.5888492267663574,2.909211494614664,14.857367372606134,83.68932549646092,7.509463724617198
152,1.8766023245797672,3.007715653592304,4.103992256780165,5.694068311579439,10.706765544611642,351.4623939941439
153,3.5877990707858376,1.4747095509609638,2.667905879064001,4.879913054060976,25.402782723884528,26.059013983845986
154,1.5635436852534754,2.1318236637271375,6.175753133687754,2.8128183122693917,19.410698101502913,7.671714131995362
155,0.9015181906757941,0.9802950660595833,2.754080254544611,3.546300387256905,54.09482996074723,8.195272115376449
156,2.4958666806878376,1.3638624237286763,1.4373406487889429,15.362975684704566,379.30750882565576,20.157008796955484
157,2.118260582698937,0.8604398036449405,7.044675986496137,3.728153734772267,14.139242686268274,82.7661650206478
158,0.9396056958689605,1.542188945228946,4.9561304063282865,5.272369270913514,13.037867226107062,142.14976864119737
159,1.2144692988278172,1.378915292123011,2.8101275445498284,29.29137859708136,41.37998136294202,1247.0258063669096
160,0.8800787275951933,0.9160147697873277,2.468236548993033,7.460327294841943,130.97354305416508,122.11058224207035
161,0.6133451843765934,1.089882689639069,1.5434598249694993,2.771709439745762,45.824936613980135,29.344723039687167
162,1.6349609002445635,2.208621933066702,6.343806254085883,9.453749717310114,85.45040408203427,38.27389464806111
163,0.8215975872194773,0.7877063209151063,1.9646042278743001,2.306236722327696,129.24789400295543,571.2208026021311
164,0.5460642144135149,3.07589823502425,5.983757802346426,14.284872788558197,6.979537694046869,45.076839842045246
165,1.7960766214674315,1.1311612126160153,13.585681927637406,40.718154318328956,12.201242435730972,346.47809646682305
166,1.3945762237588157,1.4587004313871696,2.8996377666076603,5.911289244026527,0.9586986785620171,34.76566297328454
167,0.9153527198828687,0.9058789002238007,4.278834683691855,17.516032010011426,89.28015278457646,23.01787264626815
168,0.8295798228990922,4.6811478437582,1.8825814584486835,11.316912438618981,64.49428145312271,18.302059484455388
169,1.2523680471085712,1.870593524836265,1.3002268016973937,7.643449515786648,8.828756087415874,20.824807478109406
170,0.5774101569361465,2.929350021698786,1.6676056859679438,8.107806801443257,182.27270055067862,134.81123515284273
171,1.6667221323792143,5.746700968458876,2.437103949878653,8.214950291716308,4.912928595382537,20.592737727280927
172,0.6964423222500046,1.5843530767134149,3.811852044628962,6.34612087939485,33.86948823875199,10.959006632836035
173,0.8716745726701456,3.3563429597324315,5.494565627053304,12.851458682859718,16.249303619393892,78.42397957097904
174,1.5982985075474625,2.5006974733185396,7.494221140489646,10.148898714271425,55.12579246015258,1.2540590299908272
175,2.8318785572261302,2.7273080709203694,19.382001217912183,18.933833388055326,11.97436704310951,452.0883758044114
176,0.9372735049925104,2.31999348158988,5.803728401021993,65.43717671752836,5.067870238629611,445.95035644405584
177,0.673870457442112,3.533109698437967,4.534819269706195,31.953897424192675,83.17142016166427,219.85842693585852
178,0.5046249095051732,7.634496311696921,10.551239404261569,13.753101981319482,14.989220627501282,146.8810316294841
179,0.5717128883459829,1.5156687102992732,1.1657685112989076,5.558899783784574,5.378390255220815,14.270609505572068
180,2.3831107816642083,2.8554002344700575,3.5198626302972227,2.0337995310159993,62.79677034208969,22.980077956698594
181,0.4628538660711305,4.944773173697817,14.712593797538531,6.070252024488452,13.450918327167738,18.497791076128294
182,1.083825823962896,0.715275690357856,2.9520884923960855,12.39985883752509,12.321775713005572,63.25469129344892
183,0.950021838084557,1.6089540126297575,5.337773586510436,45.23435825792093,10.999950934395624,126.48830343442603
184,1.47179632361809,2.661794788881193,2.681789209283387,54.2423610411245,60.13772399897189,8.742948184619374
185,0.8835468221344263,1.4813236295228591,2.8215036689012294,5.385529544320165,24.051756412452658,11.928584841402184
186,2.9880172339773927,1.1548297871672026,2.928697148418214,6.0393387454168534,157.02661115970187,6.730682267798841
187,1.0471389215739344,1.6148655070463727,2.6343533241200907,5.982163500711993,155.38668157731814,48.12584967784007
188,2.3936021354597767,0.9404610736331355,1.5240204375267932,5.721583793634003,38.4197674648683,91.02363997737417
189,0.9443451826084924,3.3088431060638914,9.160679916566448,29.533407979656225,18.825953491877915,658.1860300359019
190,0.61413648446388,0.8394940975732914,13.658169335313112,3.833737989470209,3.882856487712766,2623.1997865810176
191,0.4947364859608198,6.127375231451565,3.2858786596975285,7.526779636163837,14.45003679594657,32.879146345805495
192,0.9181504383280406,1.5475605726020545,2.5852829726385145,2.912725283697121,393.1766405550368,9.48075447230387
193,2.7744179396202076,5.607872134356406,1.424717590428196,2.507068201603787,14.542099299973664,9.51322032428936
194,2.160736109612023,1.7982445207846833,7.452535246388005,9.883323699969708,12.536999703877388,151.23073705038195
195,2.84207703001319,1.5979923494989583,1.4612004319587228,13.578966325389395,40.1895602984849,382.61303831443576
196,1.0295726550062432,1.8823650365898743,3.2413625253134444,41.004310219989485,5.1039453688074525,61.988564680870574
197,0.8593251192919198,4.705557473523114,3.7696546918789293,24.429550845137026,55.455993105316885,204.43393595474032
198,1.5435099737096332,4.169653173038326,12.67480776975523,18.801174896301717,5.9431876437657465,269.22966347570014
199,0.5422947191009644,1.7637640310265796,3.57098616874612,5.310527019983458,284.536609494309,13.985030337035507
200,1.8692107180850894,1.435223980602744,10.683901010967208,4.842837080482023,14.280142028965892,6.472762421074643
201,0.553165023009667,5.771412755331438,2.6503712321008495,31.657281155467317,13.512101148693555,152.81429457620425
202,1.0191145235807155,2.812924498790878,2.4524100544797363,5.268387205111085,19.037612895383244,202.78344901369178
203,1.1404898890350015,0.8537885540453202,7.265251904172522,0.6013091957635185,8.272141706069666,194.98621111217605
204,2.7017929914854606,4.89180613985059,2.632680399626308,24.31720173055687,4.971115861678247,1489.39533849795
205,0.875690707376867,0.8729878888045252,0.3959954821556919,9.049586629854108,16.619007098876335,87.93949373702723
206,0.8255257642461957,1.7432861332853538,2.1057952149991865,3.330534103872148,5.284833514274314,6.511996766178435
207,1.835814188147604,1.9832181936397821,9.127691857470587,18.20815974058639,20.90465895124183,245.94130856440975
208,1.219717896982373,5.433392747484516,7.56996190755976,36.004772746011184,19.243743903157156,38.94088671492992
209,0.9706417295781096,3.5168153669302336,8.703379267351627,12.997814159077258,328.3275558424738,11.971651535319443
210,1.086238307022492,1.4663474924845776,4.128062772396265,36.267880550135594,127.81771623037682,8.499677879337954
211,0.8712546992047903,1.3712670890088783,1.7842558834059463,7.591312748491822,162.72444117532868,10.771460355130932
212,1.4083211211394837,1.8937602171737966,12.368760777469014,29.767843238594423,31.51980568924567,32.218060069880316
213,2.0848406351205937,2.477869704906995,5.545095183701566,11.16662970236066,23.84918531764562,15.419506578039481
214,0.646441691875383,4.72911357816318,12.437884544093347,5.700673547928221,26.925692935406158,150.57179370792818
215,2.667347550497567,1.5434792559699166,3.0375368768786255,5.188800527978023,11.8806360652898,31.829853844517274
216,2.657248593134882,3.443367011892815,11.136695121136523,23.100553761686143,16.96394582994155,55.12813154648801
217,1.5129476996053164,2.142432707916307,4.902507248999829,2.5481107637756573,23.77554171751869,24.72756300290707
218,2.4733083165856797,1.6488679284961647,2.8128594559986846,6.219712605550525,21.00381966506891,328.12607435433523
219,1.0955251762222429,3.9977149244841055,8.7677612642824,2.678802397671515,40.69167383565857,12.595636520344232
220,1.3835664786713318,1.0400187997722647,2.599191829527883,40.193042652073174,89.85176667746966,4.7940268877548275
221,2.4037166165107395,5.351027634471171,1.4173891511028622,2.4823099676754277,120.63707048126635,135.0954630961242
222,0.9160248914923325,5.326927027356689,1.385709343221083,11.802189340770521,187.67259926489584,15.763188722169964
223,0.7346767981279603,2.7483408460996896,5.128164006445137,6.635133561194445,7.422405318250804,8.606583007008496
224,2.0956150529753823,1.4579013056208627,13.452264784436622,4.73330588551426,13.819663536011435,1091.245983832271
225,0.8628326563680304,0.2712988756683414,3.0255874665349545,9.402709352961358,12.836911949019788,8.792498919493942
226,0.5401021932898362,1.2015740802634984,1.4799011986418078,8.00197100126181,56.04430564154676,16.102319169181772
227,0.9677690743729822,4.022040614935525,6.900343434843176,7.7776990350036925,13.959450441768729,46.82906902966476
228,0.5305890326905293,1.4418860082904503,2.322781213361887,16.13886098552262,64.34923425818701,8.834871383096349
229,0.5587086544983771,3.5626659379203853,3.5981963766809746,19.143624936072968,11.897799735143783,17.009381419988898
230,1.4296275383428934,2.5292460681437414,4.76217235439477,5.161861034294728,47.772743026952405,15.956198473280038
231,2.813049861240705,1.8753669208582038,8.334070968296732,3.266834381969675,19.64627787789971,161.0062332565173
232,1.7925238738491354,0.849923047419137,4.975438158535141,10.042077039059484,6.819316696742739,15.747581537860677
233,1.0077530961242103,1.6432982736880852,3.1932180483489745,3.049842870789944,27.482930361787552,29.145426004115286
234,1.7698305859147576,0.8331783122302657,7.025075547180907,69.10853091144412,2.7107014707642154,12.304879008338528
235,0.8134674496892603,0.8828011682388122,2.4055156741341497,3.1560483523756737,36.08004771122529,18.82760134566753
236,1.2482833864241243,2.5736087055380583,4.2598750741239355,5.873784748343703,9.614362108410383,12.242171048896104
237,1.1120071400946037,5.701133968926515,3.64340737265181,15.330844797723802,2.6405636692693863,263.8784257226106
238,1.7143966454235606,1.7210822322380266,6.599052754190312,7.661227884291779,30.520254432807874,19.128642476584254
239,1.1315892337478928,3.3485822700742713,3.7300546490072084,4.541263217117816,10.665398872035137,208.2676424922968
240,0.623709493005447,1.3083045077940094,1.6545997346716672,17.066868344428627,8.30325079583496,108.79125061570743
241,0.8599686492038972,3.857399736209197,2.5878331558984096,10.77555525926662,31.40422857692272,31.26674333305639
242,0.6382019604242936,1.348556007770163,16.613084126364573,11.371138179512116,32.704097119551804,27.147355401006234
243,0.9335155618305976,2.200323277586114,2.8842317039628327,17.45486166132076,3.582903198708667,113.28866515526462
244,1.6647204296073321,2.5089050267129815,7.559991147365885,21.657174094465734,87.3413023403089,28.377584062073122
245,3.6834897397139295,1.9060657448594966,6.333167797881693,19.175481612281718,16.96352565495683,42.2036833938783
246,0.6096158953586999,2.417894827094335,1.7550096047361667,4.045050080846079,3.4036345511496253,18.886541327333834
247,1.3985305198740856,3.2990874466784557,4.495747919195791,1.4950786534309977,29.55342309932027,16.15239345087592
248,1.1017302479021926,1.9264742483337702,1.7038988305368648,3.845628883989195,24.21948324978781,130.80845768524304
249,1.3545584644270783,3.178747103438255,20.176997292138044,11.488608007368681,19.7822102208365,16.26662074811684
250,0.7920217235599384,1.9654576592815172,2.017195994414836,7.53228563572428,16.88152926027964,16.955088971058487
251,2.0224490277138836,7.8812739351980285,5.017191248884214,4.722432124047555,86.25097949604834,7.368764359603275
252,1.889994053431334,0.9735964466189355,1.0570241193935634,6.875854772595653,21.705647692416107,5.0286811950342845
253,0.19204438473484553,0.998944836023756,3.2858246665977293,1.817694137653436,43.382254401000715,112.02468208421774
254,1.1066446681372688,6.7535458376803845,3.547971532769089,11.135023469119423,8.363400233719705,41.387072113334966
255,1.4070639116174035,3.5587786970598905,9.014937858555877,10.62427490266141,7.0071140519748,3069.1808303710973
256,0.3732928959958067,1.9158207656397128,3.289348064554553,6.86700007133818,24.282499926805862,58.38556911711598
257,0.7107735612346603,0.5631939379722142,4.1465630774677305,1.8991516767517442,3.426666333136025,19.0486790450053
258,1.0303858406055826,2.3030743311620734,3.6361781624470146,23.93425380560562,2.6240722800670198,87.98859710692348
259,2.136706717699786,1.0251040886896594,1.0982446152354437,9.098965987629207,19.49928498739677,84.94941208768648
260,1.0295599975559453,1.4364459188635836,4.8912083554398,7.7590499456355495,93.60443784542483,10.764764313551558
261,1.3431945247223613,1.5771123945273184,4.707571950782231,4.338346844759675,37.449641254027945,59.7581038933776
262,1.2237450775342926,3.071593151686011,4.804143850645879,1.5070467282356936,289.7695638019938,20.910489439743994
263,1.1103666296329424,2.4730534510804736,0.8732325520838274,11.09734949025702,6.5899488449984815,16.25498785393241
264,0.44141041466978753,0.65581622713007,2.2346251745918306,19.309911093027267,13.789176349178208,48.523395064686554
265,1.3812414255132368,1.8833386719743517,0.8970125325091647,2.424324530269261,13.003465258350534,179.70679891961055
266,0.4281550569928685,1.3462917366344298,1.357674081636766,6.8405074897543,14.934044866331446,84.40689200810085
267,1.0902650623523569,0.5533033378273791,4.8777305663628985,3.868592332265478,31.12157076817702,40.37670073047202
268,0.8122636019898177,2.4358679210436933,7.6119895510863955,9.4767747653696,11.786532795637905,15.831232169696548
269,0.36737141557803954,2.3944674926487846,4.287380106104804,14.254772745023704,9.94474059702031,105.82953587688394
270,1.363264125331565,1.765357890064355,3.2752772190474837,8.348758390117217,2.735901105664913,10.578816194441966
271,0.7689212823942204,2.150578743001693,2.027441230226702,2.2656806953341717,31.266621490177407,30.77573285016539
272,0.37540211197856843,1.923214083530455,5.973611657792482,7.122139380993519,65.10752979499871,7.736330094061796
273,1.3784656245442664,0.6784525806334852,3.8630058076290688,2.951748970306886,4.77717900467298,584.3131048733989
274,1.897403785107098,4.115067955990995,3.386969626549015,1.4616662391757194,17.75831697969244,4.677251999380338
275,0.5221218109019059,1.7637392239776548,1.2803846081110377,10.892179396409427,4.409626695212008,8.629637815200464
276,1.0531576177391673,1.265150656338927,1.6087950151450698,1.453787982895305,6.038508059324154,28.197347360190705
277,0.4985344040766689,0.5667220894581091,2.4008487422695555,3.175093188662457,3.039679642734637,40.93012530968632
278,0.5964169911072068,2.4673055714711905,1.7892650503969514,12.746560900538212,51.5423356406902,117.07477803114345
279,1.2542071174650697,3.579038943377843,7.3081733025147635,4.460063496410831,28.160100286724443,25.557290315420623
280,1.027086131997046,0.818312236010818,3.6020210724680526,6.201328823612812,12.353156227129327,26.69158459295453
281,1.5963496264445327,1.810082662019455,0.8690929435541768,1.8282024701513857,35.40041318996737,10.878618316164419
282,1.1613531865772027,0.7770890955440499,2.749151051794354,11.057586369821392,2.0025577800100716,20.770583830537163
283,0.7135528580782404,0.9499395416517561,2.2875970853528234,5.815994140072403,6.17633414265716,20.93677560878766
284,1.8434954153812975,2.212359989181469,3.018116677421979,5.547043496374497,8.226305811576216,30.460281211918826
285,3.2923649598741065,1.7588918058441079,4.86349386108233,5.1226398896381315,38.694842102100395,429.62401655340744
286,0.6478491487717495,2.925194525181255,2.571275059826715,9.85180959783129,20.299470760898927,135.77285407268852
287,1.1026012336256938,2.0249498251696787,17.01445415950839,5.981864638712542,6.877454831588583,20.350479341851592
288,0.6262157800002258,1.1625965227881656,5.458264719630873,11.161459454515793,22.671081026219483,57.62806332276174
289,0.9277032463919639,3.46023514666362,6.761481329557998,9.117494316481853,5.5499085247290365,56.57108851314456
290,0.8557868589987294,1.0425694414769524,3.0839341142807224,7.985241819970404,57.6044307018028,56.074165537911874
291,0.7828334946112097,1.0034620006706698,1.712707674321152,7.068430044759796,9.194633524625544,29.986099038812302
292,0.9659712994302252,1.5659234670019413,2.8604532478816496,3.987317716220836,18.3312906344858,2238.5273142296555
293,1.3755306998850056,1.2911145654754588,0.945731919218212,5.4348475013044615,9.965124129502131,4053.545982806931
294,0.9002973964465296,1.6398141404452171,2.702400432448487,1.6006690814895541,26.738206819417588,24.143762735394397
295,0.3659680223911848,0.6587522407064405,4.425920072097849,41.577622085863325,31.418620322833938,20.04887188110452
296,1.7443918932831592,2.1536310144443473,2.0802317152599037,3.3414664920993498,45.574041023936644,13.723564921509182
297,1.4957785075550847,2.4612306575938177,2.1701610090595063,18.343633958814596,5.271473428565553,28.9183633851769
298,0.9817626229559916,1.5133318717329058,2.238377054018921,54.89898047201029,7.418164000539633,165.6234612006164
299,0.4298775560195044,1.4285083090758217,2.890974018079525,7.67106626861803,15.109868481267291,221.00567955599263
300,1.2252533924861557,1.4911320331378055,13.802941950175846,25.16105220816377,23.56713642172391,132.9228993201026
301,1.0482238021741082,2.2727659187790534,4.900659449252147,53.171992011877926,8.320842068186021,134.4953804625247
302,1.1301377602584388,1.2334157867834619,2.9285747592038396,7.716819092173188,21.05725703875785,307.4683684579843
303,0.3916944518756986,5.820672564678551,1.0623579638316538,5.890192242093947,5.787198600821263,47.539189608942316
304,0.8886855477970298,1.5979349550315332,4.153499060285827,1.649866267388285,5.568153638029662,24.244605617978134
305,0.7278102899311241,2.4770822127691297,3.3657421349985066,7.919063545213093,15.226941287958706,15.548142738192812
306,1.2838553151546914,1.2669929566790719,3.7236096760272406,3.289984646449094,6.618925402070301,48.42094434100136
307,0.7518599192063676,1.580282040661344,3.619793744429963,25.59953491932668,11.877708485897342,84.68974587906499
308,0.769909809836168,0.6082566269485876,0.8907517757787573,8.639495762103854,22.427641139278336,16.53835873745414
309,0.9351609464570064,1.9510940989255225,0.9711564826682754,2.7503423696515106,23.771137618963426,27.2119817503035
310,2.8623800085213666,1.8003774586024244,3.6980854803276073,5.32148194428767,20.473566835697785,39.1382624274021
311,0.9443154442957714,1.9625638082535077,1.765650305557193,3.0079520343902275,3.704247004884958,24.241657682549548
312,1.3831863681603132,1.1888838058410545,0.7067955118255758,10.233798470119417,42.65306869331373,32.119142659871564
313,3.240594765567711,0.5940647245063964,3.973538252807956,1.1501672590998564,13.674557221312904,72.71549881400573
314,1.2986816919709552,6.883438482346885,1.5138967187192676,17.635265278049033,59.68820039554617,109.84601970276603
315,1.8882339364170042,1.9077940515137404,5.2712493520001376,16.230546597970253,12.647673928432427,30.41757539794765
316,0.4001141305896538,0.5509623999455726,6.62901012215233,5.776995167632454,493.9537227794466,71.13518643323165
317,1.1243814831883667,3.243763504589488,1.6350712312111106,2.9157884210733496,70.18764118750408,262.73776070030317
318,1.1858460655351577,2.7121739526695907,2.0040495959177056,18.10707714039759,5.950658529081137,17.21147785661667
319,0.5687380265885689,1.6704571857168198,5.569523838460411,5.423978526456412,73.16493352838184,54.0136151263169
320,2.216418779852843,2.5266325158395637,9.501799585779992,20.407993198844945,2.9344060679481396,96.43847756899989
321,0.6412042421457234,1.1574820464557378,4.565805558303759,7.304266027202717,12.679001924977003,11.038027867035092
322,0.30957590189846074,1.0305350182055426,7.082831168348115,6.259852700640577,26.815453196485404,8.742711969019206
323,1.4584757056648017,2.3333915582002414,2.654965660478924,3.8523485187784967,191.52611365594285,28.021231880540498
324,0.604001108584771,0.45792835962861544,2.8443796456341204,9.829705896147075,8.675893352023076,33.20763515555778
325,0.8768413031939601,1.4685394368835516,7.952498606130563,8.906385482306137,17.59023819299972,68.25637286998925
326,0.707201305060343,3.3714372191383295,2.697861240425454,21.03927770671393,20.514417021877584,26.70374612762258
327,1.5177612118182364,7.4288690991718465,1.5919364722349254,4.182342006436913,31.50089092610955,13.638407893718881
328,3.5075559816584074,3.190763277823889,8.146077196180203,4.467542830325529,14.279255260557454,53.093017042679776
329,1.7199485088952928,3.430746207222334,2.1663134078014696,12.209420195103412,9.637621276313649,5.022453087056644
330,1.313479856480614,1.5583508424533703,3.041883780027338,3.816200203292542,9.218084790413563,182.73511173244287
331,1.8029823347735554,3.7109867543149484,2.020195163544398,13.068712285042889,14.00788587695763,34.293514564790655
332,1.8300625877169412,1.4889730484641919,4.417788304818269,62.4574871795937,141.3773808049957,41.649072837356556
333,0.9237658798521968,2.633882855117209,4.892616354239444,11.138960908149194,10.166541277586047,163.68898472350577
334,0.8875548740785325,0.9635230583840093,2.29084302990457,8.151567820132442,10.695514029584382,56.09576281183845
335,1.9568933168224272,1.1509131219819881,4.074283838424609,8.966762263508528,51.15411753924478,15.49635220512938
336,0.5915331843393338,2.7584953641574197,3.4587004599704754,8.566501533631893,19.467714156782954,213.0560912377773
337,1.9902933923440347,0.941206488146095,18.72596859205356,5.154785358733129,19.842315464826065,6.19822071942898
338,0.7508369598739657,3.7854515607400687,7.233173192329678,14.07290233196704,30.09829132444362,369.09554088630136
339,0.783682895861158,1.2315167848090858,3.78755801130934,2.7579260360869706,32.27057277318992,187.29242777625163
340,1.2079774061109356,1.2927022761164055,1.1257722129263494,2.8485871588294516,25.25813291339782,106.99934151251122
341,1.0697577549275217,2.118713508199439,4.096981496170187,6.298727701706923,20.56884720382986,15.481442259856681
342,0.9716858614796283,1.842796848768175,3.9458653013952176,3.186719472471151,6.279476390549603,5.101744345780246
343,0.7115875854403004,1.6508930699063606,2.584847846294362,7.972678807339233,6.542540181481862,267.7884480675445
344,1.2821236721067433,1.1589796827691927,3.718767806548081,1.953864215142996,412.96781042068795,82.43127623116523
345,1.6310629007254664,2.26923042197914,1.8238884575237728,9.505650187239349,276.0930654231766,37.828571622702015
346,1.3815312585580202,2.999366413444633,3.0576459409464234,11.18657718887856,69.89137766398913,123.7674577527669
347,1.179735050940063,2.4736537419145392,1.7180805574686386,12.243651924852935,7.551599981556037,616.8218866742793
348,1.144503990246947,2.0618340263858634,7.437602280779786,5.326042399916982,21.88734123044289,325.8962521712877
349,0.4501919649230925,0.8715801265770755,5.91219486071109,8.403733904379536,48.996188899993406,5.5297231124093225
350,0.8592152975947005,1.080039004608722,1.5174914165311024,15.625192509298698,12.471914978478969,46.205958133544115
351,1.212938698150121,0.6935022579527766,1.5603338142198644,4.446307016799415,23.236305407874045,30.303345909131234
352,1.129046789435384,2.9000095282295533,2.281624199186959,19.187363099860423,49.291192040435526,9.220514408271153
353,0.5823397319884484,0.9247972037109797,4.298090217601269,13.619927471137252,42.273283798916395,16.97439502291415
354,0.9754680769598941,1.6582320745901928,5.758379633025498,22.537777369850804,12.2936313729937,164.02129149350554
355,0.6277427100902809,1.0062154244926742,8.59955145544703,3.4172076248165335,60.48801260183425,6.2912715507787995
356,0.6575474876469956,0.9024701966953143,7.573679572278317,18.753711847805526,29.64221424865179,32.52670075062079
357,1.86655917963771,1.060168836715133,3.8839703793522844,10.905025024159317,12.075194947863162,108.38904200846741
358,1.367056214521212,3.5109735743789336,6.430420467521871,6.737478888056952,55.317762915198145,98.25153277028883
359,1.5845277172084795,2.4378429755159816,4.808760454753409,10.943178343451134,29.18097456326435,55.43540288763587
360,0.5697949477213641,1.739975829705359,4.822465005724725,14.795933439597976,6.762725094726232,349.37385553057095
361,0.8773199711484234,1.46945146979265,2.6568777315084513,2.6339769894872243,58.20710971431049,91.6798627551865
362,1.3850321563997328,2.4809066127752932,4.909634436776723,3.5033655381305486,62.282054464990125,19.895857398871918
363,1.4608779695394545,2.443703814807492,3.2341766445995543,3.3123732958990484,17.16537205805531,83.46039068603906
364,0.7812695788555863,2.6389128025792536,5.283225246722543,35.29449298223505,9.6786333040761,54.772348992402726
365,1.2565103422570678,1.2881920266090867,6.155238449872407,22.958785218638702,150.99252474816186,262.591555593242
366,1.5547298792807285,2.2170429492418657,1.4585206707393548,4.362098528444884,82.46933463173109,6.248057623982648
367,2.067401649749714,2.836699409470702,1.863104750281551,13.977805486858585,6.9337788473458675,32.91073720653386
368,1.1660160533270114,3.5641150403675317,6.453689248085681,5.300696212396219,12.379856251230926,46.20076886528273
369,1.682975089847896,2.034295868787234,12.181412514587752,18.286758792013696,42.783651891460266,59.7560131344281
370,0.8811797672942778,3.9584013190293157,3.311697754916281,6.932077947033637,5.45140301980673,226.761661547812
371,1.199871466338611,3.1108932014692403,2.658871152693512,5.330797712272434,28.762411902389466,42.868090817827756
372,0.6750248005763843,1.476808882128658,2.244984182212338,5.362880947498913,10.942430862637789,66.81592463351215
373,1.8906501074204514,2.102362480408952,8.725492288089852,8.808170952171043,14.737499690051791,160.9556353974903
374,1.3642201237986105,1.0919883991482005,1.7759281199392054,3.5555064305832933,15.305477628320562,10.314000289382573
375,1.0174221334468105,3.703465135240471,5.880004143647483,20.34469264135723,136.57646393579768,12.142942882863776
376,0.5523690751294045,3.1202778475630537,2.646246642563944,15.695824272853226,33.28179656243224,56.58595140769129
377,0.6684699835695499,4.00607444091537,7.290163865660747,4.191099887108819,36.118243320032796,20.553835202622786
378,1.9535127470779643,5.261445013341616,2.614105664268375,4.346946490026603,17.31926103226145,5.95295365774166
379,1.6873281247434213,2.1287314739530707,4.71650101871259,13.451378273393491,155.6475046864519,12.765860311215533
380,2.0885446460027506,1.4350154661684937,2.6723111505433823,17.143052439089484,5.106332211690806,12.324377784341292
381,2.629763280636481,1.9912364279929713,4.0372885663945235,2.5633739212076234,46.22542646099832,113.26218062912179
382,0.7716494464096109,1.960389155793356,1.8867520027516278,31.410338407613132,3.235506307004329,20.492131398116125
383,1.0356178736364845,1.2702360374047075,7.933001796618531,6.75546836359704,51.43858164464401,54.070578801543036
384,0.8778188933895545,1.7756181872916168,1.5904987708837297,2.6395881115645574,5.6341304084755475,43.854802879404254
385,0.6440993351361515,1.4704021854487062,2.9647167296082837,8.104927168129834,4.370465377363358,58.12002667238892
386,1.5783142394687972,1.035775843336238,2.011886348378485,37.17394163987366,60.24131889928767,4400.11168549228
387,0.8746572609228535,2.8867878843968593,10.618702864653507,11.644450452708858,97.61379134640804,13.317447605409763
388,1.840274445510526,1.464379145746726,16.862326546768916,12.398589905097127,17.83160136999819,3.8538011580895613
389,1.772436205501583,3.4531600037340793,3.5458227777661873,6.981563448895549,65.80966064666154,72.75819123687532
390,1.34505594772078,2.378308277471281,1.397645751715731,6.3247648872085,3.30907554904471,30.0473492409017
391,0.8665873542446058,1.0197966119100188,5.700830827769261,4.82219661933163,6.0370911234255376,5.231408183127451
392,0.5911160372997194,2.5500410052967224,6.924891385331523,14.105540669653228,19.58641510764847,4.944581259174192
393,0.7093315831479096,2.6616093739718893,5.072429654329867,1.7405884617635579,9.641837723986898,57.42429963155678
394,0.953080713443865,3.38872929743936,3.0681916731430476,16.20606423592234,50.57650928440281,17.671506002948426
395,1.77430837193894,3.5027555823887613,5.337331127510962,2.785307958542537,28.54863762344371,7.1855396024638996
396,0.5341801838796626,2.3983022782540426,3.3313375053379586,36.046689677707946,19.929951016883486,29.879872110972993
397,0.6352657779219261,1.4490226200781278,2.443589068899397,32.90709536669593,21.21736451905532,3.7195648031279798
398,1.418316348315958,3.3047636242533054,6.208385180151156,2.5643830258134472,1.7334446399847299,10.277131937642114
399,1.4717079162043833,0.9005925059876502,1.0177353791911,14.955217372024963,11.122204656121353,23.6814100222732
400,0.9779952019102194,2.074120017812012,12.379783099054329,68.45423083302138,14.319462465983165,39.98640991513895
401,1.0402063317015242,4.296662423816764,11.543459294008082,6.13570615841868,122.50213625515804,6.57650198615153
402,2.5348857142936776,1.6631385171318616,1.4252018381970428,10.403245750467793,54.69851285605637,90.71914681888776
403,0.823262829956089,1.7846240990419762,5.923230861990937,2.7093109935011475,10.430545317990335,210.564143459887
404,1.6411519075193957,5.036653194812318,2.9914116766304044,10.459612604257915,8.224173552616486,11.007490305494931
405,1.586655163391176,1.367000699413155,1.4944177148917226,7.461207394096678,143.88096101848805,59.650445345249814
406,2.9312536311093655,5.330772195642923,8.60922341756946,75.33472612433361,33.73154444402554,213.89791755453402
407,0.4153987246193211,0.8540438732432363,4.627474702776714,2.949009903866189,7.901810413723849,3.8929424611055476
408,1.7184676724008474,2.904538947182666,1.7571190730615727,14.268649531994955,470.48683655475577,15.712407687473073
409,0.573601296536181,1.6273472997821847,1.8735426954033532,21.148717508655256,9.74675674840249,61.38001741816792
410,2.6588604571002126,3.9620679382195725,10.666060184448702,2.4448678448686754,312.5090393533044,15.755394253536942
411,0.5424394899341087,2.3600044095841044,3.1675285365209125,6.857317750202807,14.552337735513365,4.367991712766197
412,0.9595336894117423,0.8904058033663256,6.783651178266811,14.479942759892369,24.8480356756549,36.98883283807192
413,2.0690294811661283,3.0209847737075353,3.91350618299596,7.064332614071166,64.44293394285987,54.24504131632681
414,1.3264433834144758,0.634124896113542,3.1698606278443395,4.637388596810888,10.572477896435403,42.067879809018834
415,0.5629988729144061,3.1875574367893864,6.621014911816383,3.815383836903689,5.620597916081424,10.779777794053784
416,1.0016687894093326,0.9092368201087032,1.5304563594008989,8.200407842740004,9.08995383141448,14.982653709379761
417,0.6387975518377631,5.988406868721741,14.298670115344201,3.6914235605054597,10.886851483430062,24.11201129317634
418,1.7484657902284224,1.7092099147156352,21.49394314455619,4.387234978891606,19.52630873620232,61.73341611581365
419,1.1725714586382432,1.0261811553224631,3.5202067709378593,11.76523622749002,5.754396378742113,11.733528577364648
420,1.597248372967882,3.252612067244881,6.049386021499437,1.7744150327407229,25.057721072860215,44.462250252515624
421,0.6713661773069565,2.0474470287212245,1.6075121983148477,1.0140815848306945,5.729595582060471,38.5991290342658
422,2.400951280556921,1.0853164558911255,2.9341209217915307,7.804863670054562,92.46022434866704,8.890954051458051
423,1.0022217575240417,4.722670981805548,2.471098554578677,34.12806697263058,7.552221976871839,37.35772329018482
424,0.5251307651915009,1.7102883909526034,3.801746467174317,19.110162275705516,5.557787733359855,5.42657336870768
425,1.0839047592910547,0.8235910375025639,9.474869435152703,72.06713826201803,18.936398694216823,8.517309391145954
426,3.8384812204309458,2.927110746304448,4.605655173636559,10.343219837192427,9.82500170330606,9.559664602241503
427,2.212050795264511,3.798261360267893,12.077127301044364,5.995410866636097,201.88814803687404,111.71505527612783
428,1.321863334939684,2.368819946945228,3.3641213119478786,4.886623641935198,99.31937740509005,23.456236976067338
429,1.6108765024857383,1.7619684059124734,11.871341570169117,8.188572107431096,26.9926486599137,9.171093660281198
430,0.9456626749517627,2.3505962455955927,3.806281657418807,64.1620663574783,14.375297672218391,171.5967809908296
431,1.1476808279091542,1.6005354071918492,3.653930893456824,16.96807068212695,29.68536443558207,26.300041497637764
432,1.764007543872214,1.9975859162702831,0.6321017473324955,29.315332690937662,20.50533043126099,13.349204305045198
433,2.384151377001568,5.22489201824,5.115123027255789,8.48131981748302,37.91829667455891,51.03651083126158
434,0.8028054660574704,0.9492755151213237,2.2559353965173776,3.271421472876164,4.056168579099517,61.04314075618291
435,0.7071020403306841,1.3802974777393635,1.0350045961026408,6.571109476633911,6.049007958646376,1024.6318960231322
436,2.6143910018220766,3.2864086793619847,7.659857024735405,3.5263632684991055,26.965613378448342,25.948904754376443
437,0.5960458630141507,4.683567835161448,1.608523788741918,29.703640363248017,33.781769902931536,51.2098718506198
438,0.8303121155254406,1.3285219750950752,7.549513102706471,6.576916228262331,6.830828185387926,4.981329812418116
439,1.0478466773276023,1.150730663359603,1.9480980544012243,16.70589452444055,7.476955666539419,45.58334014351442
440,2.5839013843996153,1.7996359640881316,20.80752414539276,2.2486307104152994,118.09478735494491,37.4443726747457
441,0.28262055999567154,0.4142061714679832,6.868467596086587,18.23142010627441,16.05345698133453,21.51492658887787
442,1.148695461469629,1.999614534400624,10.557923371799067,25.9313368474146,53.5697773617529,2720.819213491942
443,1.8863833529358918,3.554692498386175,2.364276251594958,2.779696948469141,22.144445960193636,717.694301716943
444,0.6919218779372,1.1228769690513147,2.0036846400120574,9.283194796214802,16.07119501958706,549.6043418168225
445,1.114393356176344,0.6436734180155971,5.9782899049067675,57.69534684228117,73.68526630015245,28.593821755015032
446,1.4269846714561454,3.5976633678219962,4.647937904017507,16.00204267651037,28.963561713967092,16.73745498804516
447,0.4210207212643514,8.075191768489166,8.179479367640932,7.698197070899374,43.43804531122369,17.728131075803674
448,1.9058248616098707,1.2756079103740234,3.281970854065648,1.1384601763416278,406.87514174759997,9.73794250217612
449,0.5963385301434118,2.5680987851018506,1.3676193578983638,4.348504941671161,18.828752723697193,20.010278907780233
450,0.49596110844891544,0.9497991531047277,1.2720252420864502,7.145516653782775,16.933546547272506,10.194553768176299
451,3.7582288561345973,0.7726089238647637,1.0964116210268844,4.416057137151699,4.825187793495876,35.235306836985224
452,0.7745295687010836,6.0121278212309965,3.396198399143563,43.09694237842313,472.98967478732834,58.676869178242406
453,1.996026701332524,0.6774485706512451,9.597756647499716,6.0142069183222935,463.73921346427204,63.72146906482316
454,1.3307321537998895,1.912555900005403,1.5278014373360977,26.25562793195052,5.030865327435578,47.736226080346995
455,1.0286563899532015,0.4542210041771692,4.2153891683198665,9.902446804081894,9.455633252753652,36.02322251326647
456,0.770088861598932,3.4462669923656315,2.1490932717153606,10.660979641775906,36.06217211832628,37.559881682899594
457,0.4408236920663722,1.2673266941006545,4.348789927067716,2.8248140147308174,42.830605862804525,7.412093612954252
458,1.2673877185200055,5.152542489696019,5.493728168139919,4.143188285764291,14.00686244620797,67.48540219113426
459,1.502802114563916,1.9312179246131103,54.25136993622767,2.5558298455451443,9.746151307853426,121.22560740721538
460,1.0552995679715373,2.956194307230351,2.9661191106938,19.164206853185043,10.312184972546984,394.5171140835008
461,2.2319444662091006,1.8707496774375465,1.5491229565847653,284.60813223251006,69.48843437059828,201.21926829972944
462,2.4815673299187964,8.284547937171943,2.268477590843606,4.195982344984972,7.857206856525927,101.89923676155733
463,0.5728225596605023,4.286673146891714,14.183722639452704,4.688836215631194,7.73921517943612,10.677879878970119
464,1.2386756905402374,2.239181129651411,1.5539545543079578,7.679484360873685,23.93874222602219,52.71241467332828
465,1.8893712942274574,2.7269591546703897,2.435048471373351,2.835055379320143,10.33009737815229,146.47535925223067
466,0.7462521606953364,1.814298614186867,8.034275870399826,4.802228676726574,6.085160406725166,1177.425552367354
467,4.909742091491427,4.332204413655264,4.238175891100424,6.073686976174377,56.71330085272696,1814.5787865459763
468,0.7524298069019209,0.9078518852113712,1.4210963175753297,20.674061724761664,44.995222555787905,258392.13118403289
469,0.5804778096261131,2.180824055867253,7.566433533384287,9.344370135329486,15.806279709021442,
470,0.8210695083147073,16.864417689851088,3.6052927880763597,2.753618014136087,82.73881269084195,
471,1.2436011351350202,0.8518788277328869,2.3864164175739586,2.110710505194004,27.09315988109503,
472,0.9534201568925826,1.9092722096132717,2.1723053580974616,12.868175580462617,42.2814334434122,
473,0.5790662174780827,1.3392848622541296,1.8868618718010928,11.778695944256857,28.535425470189605,
474,0.7778230815134604,1.2230108875986492,3.72253302754196,7.205362405800209,76.67888892918648,
475,2.9153713743158693,3.5612904774174785,5.500344116335365,3.288097639590331,50.42734210852327,
476,1.3459591960428356,1.2817548867205164,1.2040112418268658,13.843752073370931,15.532588722856278,
477,0.9475296945665957,0.9189638998090899,1.610804182643355,26.834912786408232,13.636628165826911,
478,2.2470091048771326,5.949641253903136,1.5154496019918355,9.894726890011492,17.558270290070247,
479,1.287815029480519,2.4001634651103583,10.952001718239403,7.4950265032423715,85.49738959649535,
480,1.9710394996742744,1.6041402430128704,3.419794907427352,7.116733417338328,7.956987568083943,
481,0.5412116838163169,1.0920438620200368,1.7647834745394422,2.5324319197072525,39.15957563653832,
482,1.1033460559490913,0.9509793861375416,3.3848345713473957,12.383853354358312,21.70911579969095,
483,0.8085363438006216,1.962080293098803,5.119874156621735,4.279533906898821,80.04870747390196,
484,0.5969980943727187,2.280853907479742,3.5334243100972813,10.339505855785466,11.332149603718005,
485,0.6750552008800697,4.366744273703443,4.441697188875499,4.594362579964078,11.27747233344559,
486,1.1298952091798227,1.2344738998781726,3.123392968491659,14.653808018187837,7.704079467713094,
487,1.0869345986696841,0.9214786968870814,2.208927850281463,6.490025254966127,972.7399023991891,
488,1.2872120039003667,1.3628674433652752,6.10769784758345,23.01324820894658,103.21268084479904,
489,1.5041106784698448,3.7424919349853702,3.134918661749298,14.117269104173142,3.2317919071636427,
490,0.47485630102537496,2.1908168747135277,5.927195076984315,5.889845698067658,8.311331184211102,
491,1.427947795037537,1.615521711839884,5.332191910287798,30.737345772104515,16.521037939598045,
492,0.5691946923027748,2.279621877763195,2.8908316526906064,4.250274693207884,9.633394655269507,
493,2.4450580612331074,0.9014037378854266,1.4098533274888647,2.344657798819296,5.821567571503609,
494,0.6409598547095642,1.8767449806273722,2.1961184935882225,2.3673664439580846,70.87013032480914,
495,1.052661819432414,1.0300927875918084,5.834535784368641,30.697081928763577,6.868893447177303,
496,1.0607678291421532,4.82563275796073,9.857375091043117,12.809949969113239,7.3562154050122555,
497,1.569517563143951,1.8250687038508073,1.3300252073110788,6.461416896700437,52.13977375818405,
498,1.5001265953904226,1.809107014816459,10.940915586438786,2.956039837323185,10.283133434743178,
499,1.90106462033376,4.821652539480507,5.480209629074981,3.5557490141578967,12.742677877585006,
500,0.991179572041492,2.721325354263989,1.3189708207972082,7.982447910405767,10.712274956169548,
501,0.5651197190338589,1.688772546968448,9.691215815139152,19.463316200215136,12.727099888735879,
502,0.7621375670833431,2.8680875846901204,4.444533510424988,2.9511698112498843,23.93013000744689,
503,1.3215795153149792,4.427966918749529,4.720835865868503,20.25845546940324,184.6455637998275,
504,0.7979909930708554,1.246212789174134,2.941812250242862,17.43182861072854,4.887005555841517,
505,2.091263776250204,0.7977140430344934,3.612562771853422,9.016262233821841,18.562649298670436,
506,1.6220120238805333,0.8036062986111079,0.7004212162200751,4.600881278350156,51.660034394494794,
507,0.9939231962196835,1.5802151263037547,7.272627144587808,2.970802167756654,11.67246228654865,
508,1.5874190186990997,0.8459450242451974,2.2390568281650993,26.98858443180637,22.356263908991348,
509,0.9351262160059705,2.659455531546341,14.369118930646735,4.345384123784279,3.4563153993396405,
510,0.5378444527139914,1.2525185733413342,2.2558381979566646,4.9420737142730795,9.57272661885893,
511,1.470680868039689,2.9799959014593194,8.369271012633662,3.6148473265167738,9.851999106583536,
512,0.7587474834236675,1.694114562425914,4.455067040805663,1.7388769664350363,8.067879657032385,
513,0.51035588564248,2.9061655283566923,5.880696385499813,3.8487158726120123,11.917946780236315,
514,2.2736556420917293,1.3194900976779367,7.906414805316,2.8627485719272983,13.85507526818604,
515,0.5137256732949567,2.2854280985518196,4.115564859203994,6.723646517117531,8.527778984541488,
516,1.1050003293764887,1.2755602508644677,7.017690681259196,5.764072446891944,28.985879747805694,
517,0.30730221019962917,2.136925734147865,29.506938540642746,20.55347916979316,27.57550568308403,
518,1.8371352360902553,2.887072362732569,1.9197434769888886,116.99237729534431,89.65180654249369,
519,2.9409617276271063,3.8708316975313837,2.34853668430218,3.6284852161205174,59.44819431675136,
520,1.2900534252751226,4.012213284278337,1.617712620878927,3.674186250865793,60.02254328856218,
521,0.7745040239452774,2.350013441288678,1.9135875318629736,15.966630158957203,4.8969660843092,
522,2.028439724641092,2.7297153115855344,1.0168602287806034,4.998475261294105,20.458739061997385,
523,1.2169939730016475,0.7359943049061178,2.0185739286331166,4.9615579646659205,31.87889666318013,
524,1.9488978533053865,2.5701064976036334,9.90128640224392,4.9835247172721395,2.646848583288585,
525,0.598994676242712,0.9545533223014375,2.2376955256267075,13.675329330277352,14.023988329928963,
526,0.7987216951672516,1.1086197349323055,3.228648581464423,14.12859508728915,7.739339465079867,
527,1.5784479817423822,1.1189800714793117,5.610606923091212,17.05072013109194,20.62688947911301,
528,1.7911843741583229,3.3456570850232024,2.8390486351854887,7.103696452211816,14.955246824174314,
529,0.6841310132334149,1.9500804579943078,8.906440510465735,29.77828842272235,4.331789038229462,
530,1.1238725079787364,9.366144247455953,1.9576712280928035,11.981314416344825,19.363371810059196,
531,4.246278283486545,1.105519955912471,3.0985624796470703,8.355549962809814,16.142544346554523,
532,0.6897938241749534,0.6336404074074662,3.8634066910420124,13.982732959635497,22.73376952584922,
533,0.41511318431610644,1.1581701632503518,7.997248797357456,5.451522209753206,28.35434935930781,
534,0.7111475985161756,4.444107207055925,1.5670042366885817,9.013721011243767,9.913538966174926,
535,2.280668741213681,1.2666583411374357,1.9403413352094305,4.58378460840096,11.09560967800556,
536,0.769730280027195,1.3916940718146404,2.494718146703701,3.479090702260506,11.308523567548628,
537,0.5842844152073081,1.737428330944008,6.895136614311659,4.7393547418430035,14.461633984427978,
538,1.0161193826437307,2.775552609841119,2.5186897040790623,16.371221805327384,25.260972579550685,
539,1.9646410288517082,1.5558376385953172,2.5030053140126283,16.258300737757946,83.7885817201114,
540,1.5258398921031315,3.1560975337847017,3.3796842800868045,5.082340037127523,58.6734477456456,
541,0.9224584986616825,1.79852587483953,2.512340689138945,8.545059327261336,345.9366236713644,
542,0.9852580689718078,1.3956883348827223,4.749535393483019,1.8417110925486075,336.7484368235374,
543,1.703921590709809,3.950326106675055,5.77725814086149,4.3229411696157465,55.9966554218778,
544,1.0472820389136803,1.806753048734815,1.764085401944454,40.55068717283099,81.08744227505433,
545,2.1187226503404735,3.2970172527930894,6.498892853812905,5.456919594398891,60.89746084651561,
546,0.6945449489900266,1.4032417836985245,10.686802511703643,10.74049843167015,11.435916819098667,
547,1.1614424265584906,4.074304540883602,5.191242883808959,15.833265027245922,118.51413653738229,
548,0.8363459600286743,1.677251973440387,5.931022501253894,3.2865781451657172,21.728071971505546,
549,0.6824352589574022,1.1276829963986603,3.8655973660447014,3.7127179716807968,34.540457483485284,
550,2.0638155836434677,2.025128628259254,5.881673422569328,6.399873577835357,55.0558826299615,
551,0.8384589446961759,3.728235700756582,2.7093607301917637,13.188154155399365,61.860297532203795,
552,1.0514654213681849,0.9282649514791524,2.4081108919532146,23.567322134640325,11.393867200595635,
553,1.7688800732257717,1.4001851260318496,4.114611382751802,7.058199970239439,29.971776438464627,
554,0.8424522869071307,2.412477371400841,2.341157418218415,8.349808886925107,42.292937234094225,
555,0.8408366876008228,2.84448810485513,2.711612772736402,22.466804672039267,41.072140135130056,
556,1.3519322640035747,1.4944413573500237,2.554235412785896,4.953141519193663,49.86680816941061,
557,1.5584019649591172,1.3498148183262033,1.8520735880419437,6.600257076629072,5227.688473784741,
558,0.890418179559457,2.1365054727992,13.543189205835663,9.403535058722628,123.94999653323188,
559,1.6957686968090073,1.0744564997732713,6.674892010888067,8.658258549883888,18.019559959884234,
560,0.6407630212799195,5.732199884992482,6.638070141841021,23.22483583302544,6.872712037118505,
561,2.4041661804863748,1.3172652717003734,1.069207564996774,6.043235567550997,17.74138103545809,
562,1.442378732477374,1.495511792775447,3.9377264578509594,17.877987206711758,41.73966590790161,
563,1.161930035979519,3.1384890811879633,1.3803761215370753,10.288556083922995,102.39201087454032,
564,1.5786367375403332,1.0297366274967272,18.54677114924628,4.448607928837126,37.693702977128424,
565,1.5881563461083164,1.4203307319084433,3.4873932182535503,17.26748371006884,9.376888256017766,
566,0.8141365932376534,3.209144966738503,2.2279003848116976,61.651472963030926,4.59189293911412,
567,1.216786051115234,3.194395099926389,6.542662517756174,7.377390670223784,4.64456273373521,
568,0.6654042035161192,2.0582175476397726,3.3616950466912905,2.4712614142734086,15.719298878681345,
569,0.7968042957545766,0.6625195612970317,8.5782587747138,4.877107895605872,123.7199889833275,
570,0.8909784926849121,1.2618472725073409,2.467039945635429,4.387011756367324,15.56474167751907,
571,0.8514749924639086,0.8303537783281975,2.49942636286965,9.9311289699835,10.420206006447238,
572,1.728434215269052,1.3783373204476603,4.26018197692241,21.77339462033509,35.40313712160041,
573,2.8258898700511597,1.3939636217598412,2.953681092976776,13.979848834575064,45.641842501727105,
574,1.7216257922223992,2.2004576654061054,3.1792303875103944,4.425989772899423,102.8596478264108,
575,0.43208634402974133,1.609699781209179,3.9806430984775574,5.168953534663888,28.058081426307478,
576,1.1779350967780156,1.714620010742652,7.160300768041602,8.019797551439739,9.525396750942907,
577,0.7671482502793849,7.372379648844687,4.368438580474334,2.883108238136589,25.566723615048645,
578,0.5289818307775559,1.8558480576737963,2.2826234724648296,3.7114088636070375,6.525884712462781,
579,0.829273576585028,4.7301611201985425,8.804759223385709,7.628682238553581,40.96741833715689,
580,3.485428929066694,2.6002210368304195,4.58575957041092,2.475508006347482,12.712508255609329,
581,1.0763672275807747,2.8874738666927477,8.741738964761707,3.6285334337393893,5.8019728223539255,
582,0.8375466740639628,2.026105657895718,4.604304183574326,2.2317631599357854,10.059685643465198,
583,1.2483495533701923,2.907735771525762,2.3457237096226002,10.465859848220301,10.085492209180753,
584,0.9504078280407702,2.3420101229707573,2.8696699983146154,3.9311640663153984,21.309718837902135,
585,1.004442164113746,1.2886810606154588,2.272796217621956,10.068364135268492,14.073613715872794,
586,1.187412786838219,3.4645610889442016,2.5908247503297774,3.7554177738179026,78.51520590083322,
587,1.31768078863446,1.5702623230299249,1.5765841131496352,6.208394994224501,87.06638417241521,
588,0.7815313081509709,1.2838701532201109,4.5053714931092514,24.3902775374573,8.014973509866113,
589,1.7815988342339932,1.437879099884607,4.650204319941044,18.053007454949018,4.179306688400506,
590,1.0409651478545587,2.3697958546756515,2.0553005433814864,18.18228280164092,2.1022604624970618,
591,1.6878015099331922,3.3247377852937725,3.7369191678957203,6.68728940332377,17.859482159970973,
592,2.1017932560440604,5.040785769905495,1.9768369640365195,12.383881967402033,36.21809383146469,
593,1.271591927098951,1.6721190826307912,3.0209887622258162,4.023636167638704,104.41980795580476,
594,1.8169622594327808,3.974383537001851,1.3824264612098005,20.60198720375956,20.69534639252273,
595,1.845464216611892,4.036001804469772,3.7170092709980724,9.376831558790977,15.311545871734074,
596,0.9299579072498758,2.247747493116753,9.149153144605739,4.108288431059124,8.480776486309438,
597,0.7789558921978657,2.077271773069375,7.215995264207953,1.4646664382255914,76.49975089160483,
598,0.8607233244970187,3.4020314980336863,7.257044177670668,29.404654193544822,49.74076134731399,
599,1.3312067693856922,1.3208602972474373,10.582833412303993,55.02339236638095,21.90319006999702,
600,0.9666626025324849,3.6932017537059108,4.937489817813441,15.100598601112495,195.8354816523228,
601,0.5870733638336673,1.6411537677288077,0.8748081119537752,7.9681170655808256,5.553840457823833,
602,1.098845169490973,0.933241278053958,4.250253606443936,11.264617829937716,134.26311815197323,
603,0.6841370038555473,1.12738779459936,3.214107202717221,7.1901401571793535,9.489233368360587,
604,0.493407783324354,0.8314398535023538,6.256771383940437,26.922531982540097,3.5020027474759847,
605,0.6943838774668377,1.9595992065709131,2.1337180560184703,4.633634555180335,40.05375778250567,
606,1.30071900319705,4.1653431061538875,17.043213109328676,15.218124893715293,56.0727681841207,
607,0.7210901298441182,3.423982961316242,1.9570829950708528,10.204997714530156,118.42281243547804,
608,1.133134304560545,4.692583642749886,1.9197652341652458,12.210140140749878,21.646946039143646,
609,0.6997854342240558,3.440138957048825,1.263744965210131,5.9124354673983195,9.497319123492257,
610,0.5295999098505172,2.492767562538047,3.58553663784933,4.305410152677038,5.700435659105161,
611,1.1286504426578066,1.1086306877634677,3.3090306193383165,5.446465141938319,6.611099025365561,
612,2.1588409150993546,0.7681668857258974,3.413796905031749,2.85467682610608,18.496964889904582,
613,1.8269788338613426,1.900342643777746,6.295802725549779,3.7350618882641706,7.6484309085676685,
614,2.3880272521968653,0.5541939197074603,9.882420580415088,1.1998208591672623,7.750135484177126,
615,1.3907535987136717,2.1961092559998483,3.102847275734966,3.149350761163453,7.024474766959248,
616,1.8343434522319162,1.7307234835032599,2.3626588641662045,9.492292068738255,15.966316289595353,
617,1.0126891956559807,3.0406335741796338,4.55530060169652,13.648832638665686,16.078575245323954,
618,0.7421495405054459,1.2154068227361106,5.271501305171124,14.81254541355913,40.693293000481574,
619,3.296054574772357,6.892715629463764,6.16078776516201,6.410484880060601,3.768179051657804,
620,1.6503106747644267,3.7339750653627592,2.9001082969092065,4.502194973854465,24.56550398537285,
621,0.3679051300088903,1.7743944160113547,2.220242286155296,4.511638917345107,29.187471731178558,
622,1.2462082395104013,1.8223323340949928,4.293136501702234,8.22853576307833,52.12973380353539,
623,1.9672175090812944,3.0564606877935767,5.768231553249073,16.062224422457945,122.6346154464413,
624,1.0349940866764058,2.659459714519141,1.7007987273820397,5.912940725492453,99.08850963375781,
625,1.0593789871717736,3.1686813615178853,1.9677053163824556,6.925363400685037,12.148924496654095,
626,0.8023861918570597,1.1968739915518463,0.7337287841165723,13.416788755180097,7.996761780264914,
627,1.3112657728229775,1.5846715438610204,8.483748455831146,42.2133597737461,4.029094760893963,
628,1.4585262646458168,4.43717477255897,8.998840568177352,17.284969981655912,12.181016753864224,
629,1.6576804435561598,1.6792411546692954,3.3997052273685124,29.762040102534474,17.088714168474503,
630,2.2776571366368543,3.0016254848457313,2.7072502782059624,2.7519771196196046,50.27344970861414,
631,0.9862809470852427,1.3000466945529303,1.5632029265753722,8.408523565105844,46.35213331342229,
632,0.7876100562533171,1.3020450364700218,2.3058680580056947,4.29200199469821,12.802072717984004,
633,0.7886780311965479,2.00443123518387,2.3099590480404304,1.8624858305300183,43.76387231709244,
634,1.1511039156492637,1.2580834124803786,3.8170539232596354,3.913299551789783,20.350818544562543,
635,1.6321177795293529,0.9973542395414184,5.332201890192957,11.889162869662652,9.710114204059337,
636,0.937388182964419,2.2148772305132503,6.5739798002379395,27.213832225085582,11.838032381267816,
637,0.7651272382968589,2.840764655821234,2.0963213319588947,10.462259909850502,24.563148148585075,
638,0.6228265979002049,1.493438082879194,2.900315701921977,8.581476525890068,70.5408202702817,
639,1.2554452748275242,0.9262890450594258,8.01215092161178,2.491758190872425,28.069987152181888,
640,0.8898929661354931,1.5845741145900936,1.5146717439335884,1.839936330780072,30.56592910517162,
641,0.5831764656501598,1.1327163570887044,5.688999223476856,4.533393588454737,18.35398780265068,
642,0.6972903868920586,0.4735460198218988,13.962777172430627,10.089906581777825,23.03994906615994,
643,1.5566467138290543,3.914429769151813,6.970546300084227,21.834386924025473,91.50917030895528,
644,0.3191307235574431,4.10902698216106,7.594939335782928,5.424330379607216,33.586406404682336,
645,2.0478579665760894,1.8159000830135306,10.682288870724534,7.520647183752908,69.47073386790059,
646,2.134043681446174,3.8665419450976475,3.207313519993467,20.458656245222066,28.392245094877346,
647,1.0561130011475903,0.9009973978187146,2.2143811675284963,8.040805811245539,102.81436877821929,
648,1.473534149280346,3.1345124898582326,1.0797259294983144,6.326775315265191,40.47071858253033,
649,0.48322318146026433,2.0351090472190454,8.645970775310827,8.330970769408307,4.209743084089925,
650,2.026526903382147,0.6682981094348853,2.047355088325921,14.952455486094188,505.2549692980123,
651,1.709743056659223,3.975990510000015,1.3902668816860606,6.542559615106311,11.482356638900004,
652,1.470682862806436,1.7275891390143747,5.158819674114799,7.356654006156285,5.979428504180747,
653,0.7321348816602851,1.255201294378494,9.965525412609582,3.183580338848455,10.293465542010145,
654,0.9374387300414656,2.6654399433341625,3.951546716254816,3.3483443220953326,29.083702584541925,
655,0.435471230904163,0.7504822031738131,4.648898348721459,6.579331757902615,58.81271522713071,
656,2.075207974229668,4.999043760519085,2.215692390753514,13.579376992491436,23.493088692174354,
657,2.8846950963013622,1.3277350613336942,1.0683081213267274,3.5932199393406394,29.856342781188086,
658,1.5411983623471945,2.3288513207198864,2.3193766109778835,10.522228185456811,28.083200185687303,
659,1.7826210774872873,2.633988700369264,4.51325381086282,16.402968209913663,28.683551945942558,
660,1.1349530113511903,3.572398917593169,8.387723944167169,16.2415819815071,128.64930219527693,
661,0.9781901288151772,2.808030545877362,2.698008212790442,3.7280480931182027,4.236111606403774,
662,1.8943995400475506,1.9721667740853537,3.5434291483702745,3.632721199557979,18.16872206536925,
663,2.403466807941536,5.874912120193919,7.968091584690255,16.36886195297576,745.8214184518865,
664,0.5319611703922049,3.3269675800342218,3.7450046229927203,10.212091655754,34.194797922123435,
665,1.3023866086866778,4.728531511494595,3.06900557472043,1.9825569943057066,392.0510349697148,
666,1.4358311450666426,0.8355907498245866,3.856216138648931,5.250065607105753,3.4524174579671105,
667,2.2909069059893388,2.3106584331048396,6.207464840710859,8.884435234908564,10.14499635664799,
668,2.03157647553295,2.5865500701814526,1.5434327942293762,10.708475637278127,12.648687796555787,
669,0.43179650563890004,4.46769003832368,1.7924149207021387,9.200543520631019,19.018054620441546,
670,1.959594793617991,1.663517063503883,3.156056165059197,5.0149718043869465,4.93511811011415,
671,1.1809908134202547,1.1725256532827861,3.1708306196536267,17.90950316412836,27.65143631683849,
672,1.3309332923075585,2.021920953270001,1.7166302079026972,4.587547419808192,76.97332650208516,
673,0.7639255324727172,3.0206107345944297,1.9216546717545644,2.927577072893764,22.477526229367946,
674,0.5774022484139533,3.716999447590215,6.674123152012632,10.493226397295684,28.973018519466503,
675,0.7911344219766442,2.064357723869572,1.9038164832726057,12.134930564380356,70.42505742680106,
676,0.8875914926669718,2.3692335210481223,4.670639980684351,15.211711037559066,16.409284814670194,
677,1.0892255906920898,1.255846178405161,6.685232540683265,2.0987372061099556,36.06228096354421,
678,0.7189435178309566,0.9160006893075873,6.6326129610529,5.2613064355638555,8.996873001570545,
679,1.1598412931682889,1.70390244609485,3.4792627231303657,4.2950009152940565,46.82243017365414,
680,1.6409774570749134,1.852151808398494,5.744550037590268,2.812761076818802,25.16918145100288,
681,0.998946690825008,1.7107369221649995,1.9645567968058808,6.907385404560618,116.42061712100356,
682,1.0744961030919875,1.0441727615724172,6.293674565290628,14.986120832579578,290.76563329835454,
683,1.5520371982911378,2.8309904549959954,5.245161809156564,15.930061559746212,71.09817412288265,
684,0.6273306634431443,1.0054723015127844,1.1401587615158413,5.47748398720572,17.971703396997125,
685,0.6846571681373474,1.1095817780840904,2.624979980501447,7.934889292490993,50.83032681759106,
686,1.72829218975871,3.2088371563816778,1.1980728603074664,10.299226407449252,8.7719878253037,
687,0.6797404810436125,0.662025056419621,2.6297050422602672,14.349584142128023,14.075107603435656,
688,1.3354827491380379,1.3066430271962464,4.737983795724935,2.1783464553038616,17.144518171919934,
689,0.6964293481571358,3.877868191611825,1.5974670739472627,10.904775653946084,47.306769263635346,
690,1.6572790295817523,1.881280317532236,4.184549565872857,4.373719423817366,30.56683353001514,
691,1.7206156014116172,1.4890429630317197,2.3427819792269067,5.140804064686318,31.592811682155887,
692,1.7303437742402217,1.1005965358971164,4.660128879695645,13.522879609883239,35.5299974852781,
693,0.86932099504694,2.378591192744197,4.557888715072092,26.914054441499687,12.366225288984689,
694,1.3118114165326065,3.2132840468767054,4.066023543640592,7.311450287526034,7.198795337751862,
695,0.45475951068951637,3.1922076448988044,1.2431552919141016,9.19985326394358,62.58257757677404,
696,1.2061696107025761,1.1311374236514504,3.438446523275688,20.4833386800864,30.70529884232337,
697,1.3495295620133374,0.7327833944560189,3.3018867592984957,8.749700236140503,9.907274636481834,
698,0.5931369191929865,1.45647981576345,6.530670030782072,11.726308638848858,25.6128269782711,
699,1.2319955809803096,0.7013466446737656,6.218680240898672,20.25466344439212,40.85326923758348,
700,0.8442324350786867,2.1150650886174924,26.353921159709916,78.53170530092761,205.3010796612875,
701,1.324756498233637,2.407522754014913,3.7041934820084115,10.208360303821829,,
702,1.8187698763863254,1.454221829555448,2.250048562372184,24.75391334496542,,
703,0.7972265683124375,2.3299700896317086,9.879998307156557,2.189912030992134,,
704,1.3332841814083536,3.0555982473310292,4.589645072745022,10.381117189016946,,
705,1.453236266076449,2.6229180477432785,6.005553081682974,31.554048593648446,,
706,0.47299909149338243,0.9440730107149347,2.5789465877573923,7.252741745714999,,
707,0.8705077398063976,2.167283399151293,5.7252651395852086,99.83840302656496,,
708,1.002451717294393,1.3180568868363205,2.720189115531243,22.15250689941718,,
709,0.6487336217510989,2.374068236759099,1.2374539100077324,23.879716940546366,,
710,4.377175274642948,1.4066109165766647,4.55652744092957,7.154404007992115,,
711,1.0333225067372869,2.3565385405498476,22.155899549506476,15.803211064609563,,
712,1.6431027143850734,3.405991020105487,4.808670845301242,21.73624776337193,,
713,1.7016897134769926,0.757102827156022,4.184291750800021,12.424815872687578,,
714,0.8931110133296223,3.02516805555369,3.4615221351960246,2.1649795446902393,,
715,1.1257601353806612,1.7711156966167285,4.015220547401615,32.515338777052655,,
716,1.5482785688690517,3.151275424354009,7.975684626035119,60.72512654020309,,
717,2.2772703024579393,1.953840155838103,7.905245040851461,18.378446117963527,,
718,1.3184980938200017,1.4995868740713338,9.25568901344334,22.678535256151044,,
719,1.6024810435917038,9.719480525909146,5.101374829187229,60.581284891412835,,
720,0.4852713963496921,4.905851157039471,2.525690918992965,5.838380519950141,,
721,3.9148184395666887,1.8335722612410847,7.170339954440215,10.648980774529523,,
722,1.3642015705775052,1.2727207949782104,4.619434294696098,5.224214007132738,,
723,0.7729818671200637,1.4321869642784701,11.175987560606,17.111177474974657,,
724,0.8577253270986589,4.4362844667471295,5.346473571655944,17.772280404276287,,
725,1.3115244363562975,2.8230248600487764,8.35802567659669,10.520413184983564,,
726,1.070408508186904,2.343687510760668,1.2308583207375277,18.687029687612235,,
727,1.231939667921607,2.9382717193416843,3.885795460291408,3.244260084535959,,
728,1.4241959873957037,0.7540344247057852,6.489016634014813,,,
729,1.9609095770674196,2.329381664244708,11.437516483109242,,,
730,1.9486946774303582,2.167170121411356,6.964926113405038,,,
731,2.1763229158445885,2.562287049314908,11.555114352814984,,,
732,1.1950246299696563,3.7199264198563946,3.087510842831377,,,
733,2.4792946580126767,4.205132803897891,8.641727554887655,,,
734,0.48703962779518534,1.84408118997993,7.319189443254111,,,
735,1.0650816968077466,2.09259552364989,6.914624041322253,,,
736,2.518931053585799,8.484770539220413,7.1265955248411625,,,
737,0.5689659587936078,2.437804642733575,4.669982366468766,,,
738,1.6939263663760893,3.6927500177287294,7.416606054916217,,,
739,1.166421594333594,2.30724426795076,1.7446205725567312,,,
740,1.0110849568772462,1.1764829022866987,,,,
741,0.7635790820206559,1.9685388730648146,,,,
742,0.9826177574420425,1.1372934349787922,,,,
743,2.0744950466743743,,,,,
744,1.8108866876423946,,,,,
745,1.3353452471975675,,,,,
746,1.8628277405667537,,,,,
747,,,,,,
748,,,,,,
749,,,,,,
